lv_x, lv_y, lv_z, av_x, av_y, av_z, pos_x, pos_y, pos_z,imu_pos_x, imu_pos_y, imu_pos_z, imu_rot_x, imu_rot_y, imu_rot_z,lh_pos_x, lh_pos_y, lh_pos_z, lh_rot_x, lh_rot_y, lh_rot_z,rh_pos_x, rh_pos_y, rh_pos_z, rh_rot_x, rh_rot_y, rh_rot_z,lh_thumb_x, lh_thumb_y, lh_thumb_z,lh_index_x, lh_index_y, lh_index_z,lh_middle_x, lh_middle_y, lh_middle_z,lh_ring_x, lh_ring_y, lh_ring_z,lh_little_x, lh_little_y, lh_little_z,rh_thumb_x, rh_thumb_y, rh_thumb_z,rh_index_x, rh_index_y, rh_index_z,rh_middle_x, rh_middle_y, rh_middle_z,rh_ring_x, rh_ring_y, rh_ring_z,rh_little_x, rh_little_y, rh_little_z
0, 0.00000715255692, 0, 0, 0, 0, 0.00263440608978, -0.01662003993988, 0.0004515349865, 0.43470299243927, 1.48641681671143, 0.1828305721283, -0.83072936534882, -1.30246484279633, -0.0562175437808, -0.12954169511795, 0.81966584920883, 0.19684767723083, 0.36678850650787, 1.79381799697876, 3.07564759254456, 0.63463389873505, 0.95570111274719, 0.27073109149933, 1.25675225257874, 3.03229951858521, 1.24802470207214, -0.20123741030693, 0.80852073431015, 0.31572240591049, -0.10552787780762, 0.82732504606247, 0.37631696462631, -0.07691001147032, 0.82183420658112, 0.37961745262146, -0.05643974244595, 0.80343985557556, 0.36098700761795, -0.05096450448036, 0.78943538665771, 0.33150765299797, 0.60839360952377, 0.84065914154053, 0.34470728039742, 0.66397500038147, 0.88486194610596, 0.43494275212288, 0.66907149553299, 0.90837496519089, 0.45171135663986, 0.65758645534515, 0.93943744897842, 0.44893759489059, 0.64414203166962, 0.96227926015854, 0.42912265658379
0.34513232111931, -0.3512906730175, 0.01798510365188, -0.61783689260483, 1.48487782478333, -0.1256578117609, 0.00263440608978, -0.01662003993988, 0.0004515349865, 0.43586021661758, 1.48610270023346, 0.18355715274811, -0.83333277702332, -1.3028085231781, -0.05677170678973, -0.12954169511795, 0.81966584920883, 0.19684767723083, 0.36678850650787, 1.79381799697876, 3.07564759254456, 0.63486349582672, 0.95597857236862, 0.27093291282654, 1.25517177581787, 3.01897239685059, 1.23416864871979, -0.20123741030693, 0.80852073431015, 0.31572240591049, -0.10552787780762, 0.82732504606247, 0.37631696462631, -0.07691001147032, 0.82183420658112, 0.37961745262146, -0.05643974244595, 0.80343985557556, 0.36098700761795, -0.05096450448036, 0.78943538665771, 0.33150765299797, 0.60912376642227, 0.84074175357819, 0.34478154778481, 0.66449457406998, 0.88509422540665, 0.43507301807404, 0.66948401927948, 0.90861165523529, 0.45186761021614, 0.6578614115715, 0.93962574005127, 0.44912540912628, 0.6443185210228, 0.96242886781693, 0.42933291196823
0.21065710484982, -0.2158355563879, 0.0119215240702, -0.32960966229439, 0.83648145198822, -0.09361686557531, 0.00433468818665, -0.0184166431427, 0.00076287984848, 0.43819522857666, 1.48554408550262, 0.18487215042114, -0.83810186386108, -1.30273270606995, -0.05842139199376, -0.12954169511795, 0.81966584920883, 0.19684767723083, 0.36678850650787, 1.79381799697876, 3.07564759254456, 0.63562393188477, 0.95580869913101, 0.27143788337708, 1.255091547966, 3.01381659507751, 1.23057055473328, -0.20123741030693, 0.80852073431015, 0.31572240591049, -0.10552787780762, 0.82732504606247, 0.37631696462631, -0.07691001147032, 0.82183420658112, 0.37961745262146, -0.05643974244595, 0.80343985557556, 0.36098700761795, -0.05096450448036, 0.78943538665771, 0.33150765299797, 0.60988491773605, 0.84054750204086, 0.34524875879288, 0.6650493144989, 0.88496720790863, 0.43563348054886, 0.66998332738876, 0.9084911942482, 0.45243525505066, 0.65833085775375, 0.93949210643768, 0.44967103004456, 0.64479684829712, 0.96227890253067, 0.42985367774963
0.28896328806877, -0.18852709233761, 0.03726660832763, -0.08295046538115, 0.34996771812439, -0.08931684494019, 0.00668632984161, -0.01998823881149, 0.00112280249596, 0.4404553771019, 1.48513948917389, 0.18611931800842, -0.8428652882576, -1.30139553546906, -0.06022622808814, -0.12954169511795, 0.81966584920883, 0.19684767723083, 0.36678850650787, 1.79381799697876, 3.07564759254456, 0.63646137714386, 0.95693582296371, 0.2721209526062, 1.23322224617004, 2.97756195068359, 1.18707346916199, -0.20123741030693, 0.80852073431015, 0.31572240591049, -0.10552787780762, 0.82732504606247, 0.37631696462631, -0.07691001147032, 0.82183420658112, 0.37961745262146, -0.05643974244595, 0.80343985557556, 0.36098700761795, -0.05096450448036, 0.78943538665771, 0.33150765299797, 0.61305570602417, 0.83983135223389, 0.3437756896019, 0.66792118549347, 0.88340789079666, 0.43475085496902, 0.67254185676575, 0.90667939186096, 0.45198774337769, 0.66035205125809, 0.93752545118332, 0.44988870620728, 0.64633297920227, 0.96046167612076, 0.43058761954308
0.17641781270504, -0.11750220507383, 0.02090334706008, -0.01734847761691, 0.20399533212185, -0.07842948287725, 0.00810497999191, -0.02096849679947, 0.00130581855774, 0.44265526533127, 1.48482716083527, 0.18716096878052, -0.84620410203934, -1.29928588867188, -0.06032341346145, -0.12954169511795, 0.81966584920883, 0.19684767723083, 0.36678850650787, 1.79381799697876, 3.07564759254456, 0.63778036832809, 0.95693731307983, 0.27310121059418, 1.22316002845764, 2.96611762046814, 1.17384052276611, -0.20123741030693, 0.80852073431015, 0.31572240591049, -0.10552787780762, 0.82732504606247, 0.37631696462631, -0.07691001147032, 0.82183420658112, 0.37961745262146, -0.05643974244595, 0.80343985557556, 0.36098700761795, -0.05096450448036, 0.78943538665771, 0.33150765299797, 0.61516183614731, 0.83904087543488, 0.34370231628418, 0.66985678672791, 0.88211512565613, 0.43501877784729, 0.67435401678085, 0.90525537729263, 0.45246368646622, 0.6619747877121, 0.93604463338852, 0.45065969228745, 0.6477963924408, 0.95907092094421, 0.43158364295959
0.25838613510132, -0.06836414337158, 0.06697833538055, 0.16693796217442, -0.11070185899734, -0.08912390470505, 0.01019543409348, -0.02154159545898, 0.00175043940544, 0.4447135925293, 1.48463797569275, 0.1880509853363, -0.84674650430679, -1.29671192169189, -0.05966958031058, -0.12954169511795, 0.81966584920883, 0.19684767723083, 0.36678850650787, 1.79381799697876, 3.07564759254456, 0.6393660902977, 0.95802408456802, 0.27513778209686, 1.20213937759399, 2.96181583404541, 1.16268050670624, -0.20123741030693, 0.80852073431015, 0.31572240591049, -0.10552787780762, 0.82732504606247, 0.37631696462631, -0.07691001147032, 0.82183420658112, 0.37961745262146, -0.05643974244595, 0.80343985557556, 0.36098700761795, -0.05096450448036, 0.78943538665771, 0.33150765299797, 0.61807268857956, 0.83857202529907, 0.34350055456161, 0.67301034927368, 0.88022953271866, 0.43532714247704, 0.67744237184525, 0.90305036306381, 0.45320421457291, 0.66482150554657, 0.93377423286438, 0.45209217071533, 0.65035229921341, 0.95706820487976, 0.43356740474701
0.16074655950069, -0.04405974969268, 0.03941595181823, 0.13258999586105, -0.06293391436338, -0.07699771225452, 0.01148009300232, -0.02191144227982, 0.00198672711849, 0.44675028324127, 1.48466217517853, 0.18886387348175, -0.84633302688599, -1.29453647136688, -0.05972872674465, -0.12954169511795, 0.81966584920883, 0.19684767723083, 0.36678850650787, 1.79381799697876, 3.07564759254456, 0.64122039079666, 0.95842027664185, 0.27718448638916, 1.18981730937958, 2.96129941940308, 1.15933465957642, -0.20123741030693, 0.80852073431015, 0.31572240591049, -0.10552787780762, 0.82732504606247, 0.37631696462631, -0.07691001147032, 0.82183420658112, 0.37961745262146, -0.05643974244595, 0.80343985557556, 0.36098700761795, -0.05096450448036, 0.78943538665771, 0.33150765299797, 0.62051177024841, 0.83809089660645, 0.3441746532917, 0.67554783821106, 0.87884092330933, 0.4363489151001, 0.67994910478592, 0.90146243572235, 0.45448496937752, 0.66722112894058, 0.93215394020081, 0.45377138257027, 0.65262442827225, 0.95561695098877, 0.43556267023087
0.24981020390987, -0.03564119338989, 0.07314740866423, 0.21243785321712, -0.17412076890469, -0.08335321396589, 0.01350337266922, -0.02221179008484, 0.00245267152786, 0.44866442680359, 1.48476433753967, 0.18966042995453, -0.8454178571701, -1.29396653175354, -0.05859569832683, -0.12954169511795, 0.81966584920883, 0.19684767723083, 0.36678850650787, 1.79381799697876, 3.07564759254456, 0.64330977201462, 0.95886528491974, 0.27901196479797, 1.18634712696075, 2.96267700195313, 1.15404236316681, -0.20123741030693, 0.80852073431015, 0.31572240591049, -0.10552787780762, 0.82732504606247, 0.37631696462631, -0.07691001147032, 0.82183420658112, 0.37961745262146, -0.05643974244595, 0.80343985557556, 0.36098700761795, -0.05096450448036, 0.78943538665771, 0.33150765299797, 0.62333047389984, 0.83827906847, 0.34576126933098, 0.6788409948349, 0.87888896465302, 0.43771255016327, 0.68329846858978, 0.90146631002426, 0.45588994026184, 0.67048782110214, 0.93212693929672, 0.45535057783127, 0.65571695566177, 0.95560777187347, 0.4373060464859
0.15893696248531, -0.0239253025502, 0.04412412270904, 0.18283660709858, -0.12374830245972, -0.07866872102022, 0.01477354764938, -0.02241384983063, 0.00269880890846, 0.45051747560501, 1.48477387428284, 0.19043576717377, -0.84490251541138, -1.29312884807587, -0.05778133869171, -0.12954169511795, 0.81966584920883, 0.19684767723083, 0.36678850650787, 1.79381799697876, 3.07564759254456, 0.64534670114517, 0.95898056030273, 0.28071260452271, 1.18235576152802, 2.96428561210632, 1.15230584144592, -0.20123741030693, 0.80852073431015, 0.31572240591049, -0.10552787780762, 0.82732504606247, 0.37631696462631, -0.07691001147032, 0.82183420658112, 0.37961745262146, -0.05643974244595, 0.80343985557556, 0.36098700761795, -0.05096450448036, 0.78943538665771, 0.33150765299797, 0.62574464082718, 0.83811390399933, 0.34706535935402, 0.68149626255035, 0.87844848632813, 0.4389919936657, 0.68598181009293, 0.90096241235733, 0.45724093914032, 0.67312830686569, 0.9316074848175, 0.45685970783234, 0.65826785564423, 0.9551368355751, 0.43895244598389
0, 0, 0, 0.0646348670125, -0.04374885931611, -0.02780931815505, 0.01660829782486, -0.02201211452484, 0.00302949547768, 0.45143854618073, 1.48476696014404, 0.19086360931396, -0.84494030475616, -1.29182720184326, -0.05784719437361, -0.12954169511795, 0.81966584920883, 0.19684767723083, 0.36678850650787, 1.79381799697876, 3.07564759254456, 0.6459618806839, 0.95989000797272, 0.28129827976227, 1.17686653137207, 2.96144890785217, 1.14210903644562, -0.20123741030693, 0.80852073431015, 0.31572240591049, -0.10552787780762, 0.82732504606247, 0.37631696462631, -0.07691001147032, 0.82183420658112, 0.37961745262146, -0.05643974244595, 0.80343985557556, 0.36098700761795, -0.05096450448036, 0.78943538665771, 0.33150765299797, 0.627376973629, 0.83862012624741, 0.34720653295517, 0.68354046344757, 0.87879079580307, 0.43895402550697, 0.68803858757019, 0.90124011039734, 0.45727929472923, 0.6750363111496, 0.93182438611984, 0.45712745189667, 0.65994554758072, 0.9553656578064, 0.43942975997925
0.22689341008663, 0.04860162362456, 0.06306409835815, 0.22377017140388, -0.2531219124794, -0.05089254304767, 0.01660829782486, -0.02201211452484, 0.00302949547768, 0.45232617855072, 1.48466420173645, 0.1912282705307, -0.84474086761475, -1.29028630256653, -0.05788247659802, -0.12954169511795, 0.81966584920883, 0.19684767723083, 0.36678850650787, 1.79381799697876, 3.07564759254456, 0.64657181501389, 0.96058923006058, 0.28191804885864, 1.17206680774689, 2.95974159240723, 1.13478803634644, -0.20123741030693, 0.80852073431015, 0.31572240591049, -0.10552787780762, 0.82732504606247, 0.37631696462631, -0.07691001147032, 0.82183420658112, 0.37961745262146, -0.05643974244595, 0.80343985557556, 0.36098700761795, -0.05096450448036, 0.78943538665771, 0.33150765299797, 0.62876099348068, 0.83897626399994, 0.34740656614304, 0.6852411031723, 0.87896591424942, 0.43903866410255, 0.68975019454956, 0.90135437250137, 0.45743563771248, 0.6766362786293, 0.93189126253128, 0.4574784040451, 0.66137087345123, 0.95545142889023, 0.43995648622513
0.14765022695065, 0.0313138961792, 0.03779768571258, 0.26972272992134, -0.24219526350498, -0.07698546350002, 0.01778447628021, -0.02175378799438, 0.00316332280636, 0.4538506269455, 1.48457503318787, 0.19192290306091, -0.84441030025482, -1.28587925434113, -0.05885141715407, -0.12954169511795, 0.81966584920883, 0.19684767723083, 0.36678850650787, 1.79381799697876, 3.07564759254456, 0.64790898561478, 0.96155261993408, 0.28319358825684, 1.16411066055298, 2.95839786529541, 1.12583136558533, -0.20123741030693, 0.80852073431015, 0.31572240591049, -0.10552787780762, 0.82732504606247, 0.37631696462631, -0.07691001147032, 0.82183420658112, 0.37961745262146, -0.05643974244595, 0.80343985557556, 0.36098700761795, -0.05096450448036, 0.78943538665771, 0.33150765299797, 0.63114392757416, 0.83938711881638, 0.34792530536652, 0.68806076049805, 0.87899619340897, 0.43945240974426, 0.69258785247803, 0.90127402544022, 0.45797872543335, 0.67932599782944, 0.93174493312836, 0.45833167433739, 0.6638251543045, 0.9553547501564, 0.44108533859253
0.21529196202755, 0.14297245442867, 0.02691864781082, 0.5634640455246, -0.64783746004105, -0.10602212697268, 0.01950454711914, -0.02056574821472, 0.00301317870617, 0.45509594678879, 1.48476016521454, 0.19267523288727, -0.84534084796906, -1.28076195716858, -0.06114149093628, -0.12954169511795, 0.81966584920883, 0.19684767723083, 0.36678850650787, 1.79381799697876, 3.07564759254456, 0.64912313222885, 0.96410024166107, 0.28332567214966, 1.15648651123047, 2.92099618911743, 1.07897424697876, -0.20123741030693, 0.80852073431015, 0.31572240591049, -0.10552787780762, 0.82732504606247, 0.37631696462631, -0.07691001147032, 0.82183420658112, 0.37961745262146, -0.05643974244595, 0.80343985557556, 0.36098700761795, -0.05096450448036, 0.78943538665771, 0.33150765299797, 0.63514733314514, 0.84138965606689, 0.34768769145012, 0.69177907705307, 0.88178551197052, 0.43904763460159, 0.69596707820892, 0.90408092737198, 0.45763254165649, 0.68210560083389, 0.93428099155426, 0.45817375183105, 0.66604316234589, 0.95764136314392, 0.44110256433487
0.14503954350948, 0.09708880633116, 0.01280844118446, 0.5446657538414, -0.56527918577194, -0.0929768756032, 0.02064883708954, -0.01975810527802, 0.0027514398098, 0.45642441511154, 1.48505997657776, 0.19343972206116, -0.84673774242401, -1.27857208251953, -0.06369706243277, -0.12954169511795, 0.81966584920883, 0.19684767723083, 0.36678850650787, 1.79381799697876, 3.07564759254456, 0.65041297674179, 0.96571761369705, 0.283726811409, 1.14957284927368, 2.9040834903717, 1.05587387084961, -0.20123741030693, 0.80852073431015, 0.31572240591049, -0.10552787780762, 0.82732504606247, 0.37631696462631, -0.07691001147032, 0.82183420658112, 0.37961745262146, -0.05643974244595, 0.80343985557556, 0.36098700761795, -0.05096450448036, 0.78943538665771, 0.33150765299797, 0.63802146911621, 0.84257078170776, 0.34757816791534, 0.69460380077362, 0.88315165042877, 0.43888676166534, 0.69863176345825, 0.9054052233696, 0.45755699276924, 0.68445074558258, 0.93545234203339, 0.45829582214355, 0.66806763410568, 0.95871740579605, 0.44140017032623
0.22668598592281, 0.1900148242712, 0.03279626369476, 0.95334845781326, -1.18640267848969, -0.10643470287323, 0.02246963977814, -0.01817244291306, 0.00238727033138, 0.45782607793808, 1.48547077178955, 0.19423520565033, -0.84703880548477, -1.279296875, -0.06504239141941, -0.12954169511795, 0.81966584920883, 0.19684767723083, 0.36678850650787, 1.79381799697876, 3.07564759254456, 0.65161377191544, 0.96731966733932, 0.28428745269775, 1.14482963085175, 2.87135434150696, 1.02286791801453, -0.20123741030693, 0.80852073431015, 0.31572240591049, -0.10552787780762, 0.82732504606247, 0.37631696462631, -0.07691001147032, 0.82183420658112, 0.37961745262146, -0.05643974244595, 0.80343985557556, 0.36098700761795, -0.05096450448036, 0.78943538665771, 0.33150765299797, 0.6408194899559, 0.84393137693405, 0.34796234965324, 0.6965743303299, 0.88520854711533, 0.43946760892868, 0.70023399591446, 0.90749502182007, 0.4581743478775, 0.68562215566635, 0.93733507394791, 0.45891061425209, 0.66895198822021, 0.96038341522217, 0.44199872016907
0.15883682668209, 0.13402462005615, 0.01616299152374, 0.77911466360092, -0.86941230297089, -0.05968546867371, 0.02375972270966, -0.01704961061478, 0.00199641287327, 0.45934611558914, 1.48584198951721, 0.19497466087341, -0.84549063444138, -1.28074848651886, -0.06601669639349, -0.12954169511795, 0.81966584920883, 0.19684767723083, 0.36678850650787, 1.79381799697876, 3.07564759254456, 0.65281701087952, 0.96849459409714, 0.28482031822205, 1.13925778865814, 2.85428833961487, 1.00356709957123, -0.20123741030693, 0.80852073431015, 0.31572240591049, -0.10552787780762, 0.82732504606247, 0.37631696462631, -0.07691001147032, 0.82183420658112, 0.37961745262146, -0.05643974244595, 0.80343985557556, 0.36098700761795, -0.05096450448036, 0.78943538665771, 0.33150765299797, 0.64319604635239, 0.84481203556061, 0.34811121225357, 0.69861280918121, 0.88631498813629, 0.43971967697144, 0.70207566022873, 0.90857535600662, 0.45849478244781, 0.68718886375427, 0.93827652931213, 0.45933198928833, 0.6702978014946, 0.96122282743454, 0.44250071048737
0.10944127291441, 0.09291886538267, 0.00768005801365, 0.61410063505173, -0.63972651958466, -0.05700319260359, 0.02464067935944, -0.01626831293106, 0.00164832174778, 0.46089684963226, 1.48627614974976, 0.19569659233093, -0.84245294332504, -1.28324902057648, -0.06538693606853, -0.12954169511795, 0.81966584920883, 0.19684767723083, 0.36678850650787, 1.79381799697876, 3.07564759254456, 0.65409845113754, 0.96949380636215, 0.28539609909058, 1.1334742307663, 2.84275102615356, 0.98914849758148, -0.20123741030693, 0.80852073431015, 0.31572240591049, -0.10552787780762, 0.82732504606247, 0.37631696462631, -0.07691001147032, 0.82183420658112, 0.37961745262146, -0.05643974244595, 0.80343985557556, 0.36098700761795, -0.05096450448036, 0.78943538665771, 0.33150765299797, 0.64550113677979, 0.84550446271896, 0.34823250770569, 0.70074850320816, 0.88707458972931, 0.43991282582283, 0.70407402515411, 0.90928918123245, 0.45876687765121, 0.68896687030792, 0.93887478113174, 0.45973935723305, 0.67187851667404, 0.96175742149353, 0.44302093982697
0.21506308019161, 0.25079727172852, 0.05866169556975, 1.52416622638702, -2.13879704475403, -0.10080875456333, 0.02640318870544, -0.01415145397186, 0.00111776590347, 0.46241980791092, 1.48666512966156, 0.19648051261902, -0.8395562171936, -1.28633153438568, -0.0634683445096, -0.12954169511795, 0.81966584920883, 0.19684767723083, 0.36678850650787, 1.79381799697876, 3.07564759254456, 0.65553718805313, 0.97256374359131, 0.28679203987122, 1.11677277088165, 2.80757117271423, 0.94813400506973, -0.20123741030693, 0.80852073431015, 0.31572240591049, -0.10552787780762, 0.82732504606247, 0.37631696462631, -0.07691001147032, 0.82183420658112, 0.37961745262146, -0.05643974244595, 0.80343985557556, 0.36098700761795, -0.05096450448036, 0.78943538665771, 0.33150765299797, 0.64979016780853, 0.84777176380157, 0.34835183620453, 0.70428836345673, 0.88959670066833, 0.44036400318146, 0.7071613073349, 0.91168284416199, 0.45944204926491, 0.69140928983688, 0.94091719388962, 0.46074768900871, 0.67378950119019, 0.96359002590179, 0.44429722428322
0.34713503718376, 0.39065834879875, 0.09840845316648, 2.50562596321106, -3.53871750831604, -0.01297807972878, 0.02939182519913, -0.01082199811935, 0.00026299059391, 0.46381694078445, 1.48706877231598, 0.19729936122894, -0.83779001235962, -1.29061603546143, -0.05969278886914, -0.12954169511795, 0.81966584920883, 0.19684767723083, 0.36678850650787, 1.79381799697876, 3.07564759254456, 0.65909731388092, 0.97572892904282, 0.28871393203735, 1.10483539104462, 2.81025147438049, 0.9422070980072, -0.20123741030693, 0.80852073431015, 0.31572240591049, -0.10552787780762, 0.82732504606247, 0.37631696462631, -0.07691001147032, 0.82183420658112, 0.37961745262146, -0.05643974244595, 0.80343985557556, 0.36098700761795, -0.05096450448036, 0.78943538665771, 0.33150765299797, 0.65463620424271, 0.85026925802231, 0.34901025891304, 0.70960456132889, 0.89148461818695, 0.44101783633232, 0.71249032020569, 0.91338920593262, 0.46030211448669, 0.69656413793564, 0.94250655174255, 0.46203848719597, 0.67866945266724, 0.96523553133011, 0.44596654176712
0.26217699050903, 0.29374834895134, 0.05410194024444, 1.88384068012238, -2.35808777809143, 0.17283648252487, 0.03179347515106, -0.00829315185547, -0.00054556131363, 0.46521073579788, 1.48746585845947, 0.19803643226624, -0.8360715508461, -1.29571771621704, -0.05616834014654, -0.12954169511795, 0.81966584920883, 0.19684767723083, 0.36678850650787, 1.79381799697876, 3.07564759254456, 0.66224360466003, 0.97840076684952, 0.29056644439697, 1.09556639194489, 2.80616641044617, 0.93231457471848, -0.20123741030693, 0.80852073431015, 0.31572240591049, -0.10552787780762, 0.82732504606247, 0.37631696462631, -0.07691001147032, 0.82183420658112, 0.37961745262146, -0.05643974244595, 0.80343985557556, 0.36098700761795, -0.05096450448036, 0.78943538665771, 0.33150765299797, 0.65897965431213, 0.85247665643692, 0.34996464848518, 0.71408480405807, 0.89342129230499, 0.44201129674911, 0.71690332889557, 0.91520547866821, 0.46144133806229, 0.70077478885651, 0.94419258832932, 0.46346536278725, 0.6826394200325, 0.96690678596497, 0.4476443529129
0.48525807261467, 0.49356934428215, 0.13361871242523, 3.51431012153625, -4.75747394561768, 0.29123809933662, 0.03630596399307, -0.00397628545761, -0.00175747275352, 0.46659725904465, 1.48781800270081, 0.19873046875, -0.83443337678909, -1.30046403408051, -0.05298033356667, -0.12954169511795, 0.81966584920883, 0.19684767723083, 0.36678850650787, 1.79381799697876, 3.07564759254456, 0.6676921248436, 0.98209369182587, 0.29286861419678, 1.08189117908478, 2.79912781715393, 0.93641287088394, -0.20123741030693, 0.80852073431015, 0.31572240591049, -0.10552787780762, 0.82732504606247, 0.37631696462631, -0.07691001147032, 0.82183420658112, 0.37961745262146, -0.05643974244595, 0.80343985557556, 0.36098700761795, -0.05096450448036, 0.78943538665771, 0.33150765299797, 0.66415172815323, 0.85536843538284, 0.35052144527435, 0.71815741062164, 0.89521038532257, 0.44369667768478, 0.72070729732513, 0.91673690080643, 0.46344834566116, 0.70447623729706, 0.94565057754517, 0.46569138765335, 0.68644624948502, 0.96852827072144, 0.44998583197594
0.35005328059196, 0.35736319422722, 0.07883905619383, 1.4838000535965, -1.84111738204956, 0.5415598154068, 0.03972220420837, -0.00088310241699, -0.00207655131817, 0.46815860271454, 1.48807668685913, 0.19940614700317, -0.83314526081085, -1.30409419536591, -0.05010301992297, -0.12954169511795, 0.81966584920883, 0.19684767723083, 0.36678850650787, 1.79381799697876, 3.07564759254456, 0.67179119586945, 0.98502767086029, 0.29456996917725, 1.07135510444641, 2.79216909408569, 0.9321830868721, -0.20123741030693, 0.80852073431015, 0.31572240591049, -0.10552787780762, 0.82732504606247, 0.37631696462631, -0.07691001147032, 0.82183420658112, 0.37961745262146, -0.05643974244595, 0.80343985557556, 0.36098700761795, -0.05096450448036, 0.78943538665771, 0.33150765299797, 0.66875970363617, 0.85775768756866, 0.35103976726532, 0.72224706411362, 0.89703041315079, 0.4447540640831, 0.7246156334877, 0.91838711500168, 0.46471163630486, 0.70821940898895, 0.94718998670578, 0.46716833114624, 0.69011491537094, 0.9701132774353, 0.45161575078964
0.23203609883785, 0.23965357244015, 0.04166185483336, 0.56424218416214, -0.52182441949844, 0.43038323521614, 0.04199016094208, 0.00116693973541, -0.00210291147232, 0.46984201669693, 1.48818671703339, 0.20018339157104, -0.83179324865341, -1.30579400062561, -0.04665645211935, -0.12954169511795, 0.81966584920883, 0.19684767723083, 0.36678850650787, 1.79381799697876, 3.07564759254456, 0.67509788274765, 0.98746067285538, 0.29599559307098, 1.06183779239655, 2.78545832633972, 0.92544466257095, -0.20123741030693, 0.80852073431015, 0.31572240591049, -0.10552787780762, 0.82732504606247, 0.37631696462631, -0.07691001147032, 0.82183420658112, 0.37961745262146, -0.05643974244595, 0.80343985557556, 0.36098700761795, -0.05096450448036, 0.78943538665771, 0.33150765299797, 0.67282968759537, 0.85973691940308, 0.35146793723106, 0.72599309682846, 0.89861500263214, 0.44553047418594, 0.72821038961411, 0.91982978582382, 0.46565610170364, 0.71162974834442, 0.94850808382034, 0.46832376718521, 0.69339239597321, 0.97143691778183, 0.45293542742729
0.53519725799561, 0.48722502589226, 0.13579308986664, 1.47713971138, -2.04343247413635, 0.58665174245834, 0.04701364040375, 0.00536298751831, -0.00191926956177, 0.47140645980835, 1.48826098442078, 0.20089936256409, -0.8311350941658, -1.30539798736572, -0.0431304089725, -0.12954169511795, 0.81966584920883, 0.19684767723083, 0.36678850650787, 1.79381799697876, 3.07564759254456, 0.68196123838425, 0.99105203151703, 0.29790258407593, 1.05080687999725, 2.78195858001709, 0.9283931851387, -0.20123741030693, 0.80852073431015, 0.31572240591049, -0.10552787780762, 0.82732504606247, 0.37631696462631, -0.07691001147032, 0.82183420658112, 0.37961745262146, -0.05643974244595, 0.80343985557556, 0.36098700761795, -0.05096450448036, 0.78943538665771, 0.33150765299797, 0.67968147993088, 0.86272883415222, 0.35197332501411, 0.73217576742172, 0.90071558952332, 0.44677299261093, 0.73421734571457, 0.92171621322632, 0.4671403169632, 0.71754813194275, 0.95032280683517, 0.47001767158508, 0.69934612512589, 0.97337204217911, 0.45476800203323
0.92182868719101, 0.75922960042953, 0.17078338563442, 1.56880438327789, -2.21994662284851, 1.18894052505493, 0.05570030212402, 0.01186960935593, -0.00148582458496, 0.47272622585297, 1.48846685886383, 0.2014844417572, -0.8307791352272, -1.30363047122955, -0.0408897921443, -0.12954169511795, 0.81966584920883, 0.19684767723083, 0.36678850650787, 1.79381799697876, 3.07564759254456, 0.69269979000092, 0.99594247341156, 0.29855155944824, 1.04211449623108, 2.76078486442566, 0.91822439432144, -0.20123741030693, 0.80852073431015, 0.31572240591049, -0.10552787780762, 0.82732504606247, 0.37631696462631, -0.07691001147032, 0.82183420658112, 0.37961745262146, -0.05643974244595, 0.80343985557556, 0.36098700761795, -0.05096450448036, 0.78943538665771, 0.33150765299797, 0.69077026844025, 0.86726671457291, 0.35179165005684, 0.74178731441498, 0.90506553649902, 0.44746887683868, 0.74341070652008, 0.92595261335373, 0.46798998117447, 0.72648096084595, 0.95440870523453, 0.47083812952042, 0.70828640460968, 0.97741007804871, 0.45550751686096
0.61137193441391, 0.510413646698, 0.07910548895597, 0.18179726600647, 0.03096443042159, 1.17494249343872, 0.06158858537674, 0.01618778705597, -0.00095126032829, 0.47418129444122, 1.48881435394287, 0.20205760002136, -0.83094358444214, -1.30206608772278, -0.040940169245, -0.12954169511795, 0.81966584920883, 0.19684767723083, 0.36678850650787, 1.79381799697876, 3.07564759254456, 0.70005393028259, 0.99961197376251, 0.29941606521606, 1.03301787376404, 2.74791789054871, 0.91023349761963, -0.20123741030693, 0.80852073431015, 0.31572240591049, -0.10552787780762, 0.82732504606247, 0.37631696462631, -0.07691001147032, 0.82183420658112, 0.37961745262146, -0.05643974244595, 0.80343985557556, 0.36098700761795, -0.05096450448036, 0.78943538665771, 0.33150765299797, 0.69873577356339, 0.87056088447571, 0.35175865888596, 0.74890750646591, 0.90806269645691, 0.44799810647964, 0.75025779008865, 0.92881858348846, 0.46867156028748, 0.73310643434525, 0.95713210105896, 0.47161328792572, 0.71483808755875, 0.9801077246666, 0.45633187890053
0.97637408971786, 0.719089448452, 0.09616255015135, 0.0169667378068, 0.32988148927689, 1.56371736526489, 0.07075417041779, 0.02225708961487, -0.00017720460892, 0.47598761320114, 1.48931527137756, 0.20260977745056, -0.82970601320267, -1.30120193958282, -0.04109712317586, -0.12954169511795, 0.81966584920883, 0.19684767723083, 0.36678850650787, 1.79381799697876, 3.07564759254456, 0.70857012271881, 1.00269865989685, 0.29988265037537, 1.04072296619415, 2.74417781829834, 0.8939197063446, -0.20123741030693, 0.80852073431015, 0.31572240591049, -0.10552787780762, 0.82732504606247, 0.37631696462631, -0.07691001147032, 0.82183420658112, 0.37961745262146, -0.05643974244595, 0.80343985557556, 0.36098700761795, -0.05096450448036, 0.78943538665771, 0.33150765299797, 0.7084025144577, 0.87419056892395, 0.35356053709984, 0.7593822479248, 0.91291719675064, 0.44888591766357, 0.76084643602371, 0.93389159440994, 0.46932980418205, 0.74359208345413, 0.96215409040451, 0.47215712070465, 0.72505873441696, 0.98488563299179, 0.45682972669601
0.60590022802353, 0.45426604151726, 0.03469884395599, -0.40390631556511, 0.99822223186493, 1.30262160301209, 0.07658845186234, 0.02607679367065, 0.0003300756216, 0.47808074951172, 1.48981595039368, 0.20310580730438, -0.82665210962296, -1.2995023727417, -0.03994320333004, -0.12954169511795, 0.81966584920883, 0.19684767723083, 0.36678850650787, 1.79381799697876, 3.07564759254456, 0.71502220630646, 1.00548303127289, 0.30074024200439, 1.03957736492157, 2.73854303359985, 0.88331592082977, -0.20123741030693, 0.80852073431015, 0.31572240591049, -0.10552787780762, 0.82732504606247, 0.37631696462631, -0.07691001147032, 0.82183420658112, 0.37961745262146, -0.05643974244595, 0.80343985557556, 0.36098700761795, -0.05096450448036, 0.78943538665771, 0.33150765299797, 0.71573561429977, 0.87703204154968, 0.35455024242401, 0.76683992147446, 0.91613239049911, 0.44965612888336, 0.76826274394989, 0.93713569641113, 0.47007322311401, 0.75086629390717, 0.96530783176422, 0.47293213009834, 0.73215705156326, 0.98792314529419, 0.45764660835266
1.0004711151123, 0.63439601659775, 0.05443274602294, -0.8815906047821, 1.61927509307861, 1.67366564273834, 0.08590793609619, 0.03138834238052, 0.0012773424387, 0.48031532764435, 1.49032664299011, 0.20346438884735, -0.82156789302826, -1.29687714576721, -0.04016599431634, -0.12954169511795, 0.81966584920883, 0.19684767723083, 0.36678850650787, 1.79381799697876, 3.07564759254456, 0.72232073545456, 1.00743627548218, 0.30092692375183, 1.0546817779541, 2.7381112575531, 0.86928939819336, -0.20123741030693, 0.80852073431015, 0.31572240591049, -0.10552787780762, 0.82732504606247, 0.37631696462631, -0.07691001147032, 0.82183420658112, 0.37961745262146, -0.05643974244595, 0.80343985557556, 0.36098700761795, -0.05096450448036, 0.78943538665771, 0.33150765299797, 0.7237440943718, 0.87989914417267, 0.35685497522354, 0.775934278965, 0.92059910297394, 0.4506915807724, 0.77758300304413, 0.94194006919861, 0.4707382619381, 0.7602037191391, 0.97014844417572, 0.47333163022995, 0.74130272865295, 0.99249815940857, 0.45789217948914
0.59624427556992, 0.38843390345573, 0.013806222938, -0.77862679958344, 1.45753514766693, 1.3266681432724, 0.09164500236511, 0.03465038537979, 0.00181576609612, 0.48256903886795, 1.49066495895386, 0.20401644706726, -0.81651955842972, -1.29406344890594, -0.039719812572, -0.12954169511795, 0.81966584920883, 0.19684767723083, 0.36678850650787, 1.79381799697876, 3.07564759254456, 0.72846972942352, 1.00966393947601, 0.30157279968262, 1.05885148048401, 2.73439311981201, 0.85867065191269, -0.20123741030693, 0.80852073431015, 0.31572240591049, -0.10552787780762, 0.82732504606247, 0.37631696462631, -0.07691001147032, 0.82183420658112, 0.37961745262146, -0.05643974244595, 0.80343985557556, 0.36098700761795, -0.05096450448036, 0.78943538665771, 0.33150765299797, 0.73060601949692, 0.88246405124664, 0.35824128985405, 0.78318405151367, 0.92388045787811, 0.45154649019241, 0.78487575054169, 0.94534432888031, 0.47145783901215, 0.76742166280746, 0.97351282835007, 0.47398146986961, 0.74836498498917, 0.99571168422699, 0.45851576328278
0, 0, 0, 0.03036209568381, -0.05697117373347, -0.05193664878607, 0.10125547647476, 0.03991866111755, 0.00237281620502, 0.48365759849548, 1.49079167842865, 0.20435285568237, -0.81465691328049, -1.29340302944183, -0.03886365145445, -0.12954169511795, 0.81966584920883, 0.19684767723083, 0.36678850650787, 1.79381799697876, 3.07564759254456, 0.73233830928802, 1.01124632358551, 0.3012101650238, 1.06244611740112, 2.7377872467041, 0.8585769534111, -0.20123741030693, 0.80852073431015, 0.31572240591049, -0.10552787780762, 0.82732504606247, 0.37631696462631, -0.07691001147032, 0.82183420658112, 0.37961745262146, -0.05643974244595, 0.80343985557556, 0.36098700761795, -0.05096450448036, 0.78943538665771, 0.33150765299797, 0.73449736833572, 0.88423240184784, 0.35829332470894, 0.78745633363724, 0.92588549852371, 0.45127713680267, 0.78924667835236, 0.94741302728653, 0.47111105918884, 0.77184009552002, 0.97561383247375, 0.47360163927078, 0.75276017189026, 0.99778753519058, 0.45812851190567
1.02926731109619, 0.62702172994614, -0.00716865016147, -1.18187546730042, 2.13326406478882, 1.83580458164215, 0.10125547647476, 0.03991866111755, 0.00237281620502, 0.48477059602737, 1.49090576171875, 0.20471513271332, -0.81359368562698, -1.29284060001373, -0.0382255576551, -0.12954169511795, 0.81966584920883, 0.19684767723083, 0.36678850650787, 1.79381799697876, 3.07564759254456, 0.73581981658936, 1.01272189617157, 0.30110216140747, 1.06460809707642, 2.73942685127258, 0.85744917392731, -0.20123741030693, 0.80852073431015, 0.31572240591049, -0.10552787780762, 0.82732504606247, 0.37631696462631, -0.07691001147032, 0.82183420658112, 0.37961745262146, -0.05643974244595, 0.80343985557556, 0.36098700761795, -0.05096450448036, 0.78943538665771, 0.33150765299797, 0.73808544874191, 0.88583332300186, 0.35845926403999, 0.79130256175995, 0.9276727437973, 0.45121175050735, 0.79315233230591, 0.94924330711365, 0.47099339962006, 0.77576196193695, 0.97745555639267, 0.47346752882004, 0.75664901733398, 0.99960172176361, 0.45799571275711
0.59534305334091, 0.37477967143059, -0.02583861164749, -0.89284896850586, 1.70338189601898, 1.35994911193848, 0.10700076818466, 0.04308772087097, 0.0026148557663, 0.48688000440598, 1.4909496307373, 0.20546758174896, -0.81260424852371, -1.29265964031219, -0.03638445585966, -0.12954169511795, 0.81966584920883, 0.19684767723083, 0.36678850650787, 1.79381799697876, 3.07564759254456, 0.74225807189941, 1.01549565792084, 0.30124223232269, 1.06685471534729, 2.74004316329956, 0.85343265533447, -0.20123741030693, 0.80852073431015, 0.31572240591049, -0.10552787780762, 0.82732504606247, 0.37631696462631, -0.07691001147032, 0.82183420658112, 0.37961745262146, -0.05643974244595, 0.80343985557556, 0.36098700761795, -0.05096450448036, 0.78943538665771, 0.33150765299797, 0.74487674236298, 0.88877201080322, 0.35894784331322, 0.79843813180923, 0.93092185258865, 0.45136094093323, 0.80034983158112, 0.95254993438721, 0.47107374668121, 0.78294402360916, 0.9807533621788, 0.47353997826576, 0.76374709606171, 1.0028383731842, 0.45808476209641
0.98576539754868, 0.69725984334946, -0.05134284123778, -0.48630076646805, 1.25006186962128, 1.67372894287109, 0.11625015735626, 0.04901695251465, 0.00239868462086, 0.48903495073318, 1.49099564552307, 0.20623254776001, -0.81387627124786, -1.29202961921692, -0.03483115136623, -0.12954169511795, 0.81966584920883, 0.19684767723083, 0.36678850650787, 1.79381799697876, 3.07564759254456, 0.74669361114502, 1.01969766616821, 0.30018854141235, 1.06102526187897, 2.73038983345032, 0.83847171068192, -0.20123741030693, 0.80852073431015, 0.31572240591049, -0.10552787780762, 0.82732504606247, 0.37631696462631, -0.07691001147032, 0.82183420658112, 0.37961745262146, -0.05643974244595, 0.80343985557556, 0.36098700761795, -0.05096450448036, 0.78943538665771, 0.33150765299797, 0.75064736604691, 0.89286059141159, 0.35756796598434, 0.80414587259293, 0.93526148796082, 0.44990265369415, 0.80593121051788, 0.95685708522797, 0.46966278553009, 0.78828167915344, 0.98489689826965, 0.47225892543793, 0.76883441209793, 1.00684678554535, 0.4569246172905
0.55941581726074, 0.4067015349865, -0.05260884389281, -0.5363085269928, 1.27319538593292, 1.25952434539795, 0.12166601419449, 0.05249285697937, 0.00219385325909, 0.4912958741188, 1.4909576177597, 0.20694768428802, -0.81500554084778, -1.29005706310272, -0.03400281816721, -0.12954169511795, 0.81966584920883, 0.19684767723083, 0.36678850650787, 1.79381799697876, 3.07564759254456, 0.75149500370026, 1.02324867248535, 0.2998354434967, 1.05640518665314, 2.72222399711609, 0.82515251636505, -0.20123741030693, 0.80852073431015, 0.31572240591049, -0.10552787780762, 0.82732504606247, 0.37631696462631, -0.07691001147032, 0.82183420658112, 0.37961745262146, -0.05643974244595, 0.80343985557556, 0.36098700761795, -0.05096450448036, 0.78943538665771, 0.33150765299797, 0.75664013624191, 0.89635592699051, 0.3569969534874, 0.81012320518494, 0.93902879953384, 0.44921517372131, 0.811807513237, 0.96060651540756, 0.46900373697281, 0.79394799470901, 0.98850297927856, 0.4717056453228, 0.7742765545845, 1.01032388210297, 0.45647358894348
0.93528980016708, 0.59122318029404, -0.12252508848906, -0.94718497991562, 1.92961442470551, 1.66369676589966, 0.1304412484169, 0.05753123760223, 0.00160227715969, 0.49368751049042, 1.49090671539307, 0.20770955085754, -0.81580317020416, -1.28654372692108, -0.03431066125631, -0.12954169511795, 0.81966584920883, 0.19684767723083, 0.36678850650787, 1.79381799697876, 3.07564759254456, 0.75596606731415, 1.02550089359283, 0.2981538772583, 1.05981206893921, 2.72128343582153, 0.81902742385864, -0.20123741030693, 0.80852073431015, 0.31572240591049, -0.10552787780762, 0.82732504606247, 0.37631696462631, -0.07691001147032, 0.82183420658112, 0.37961745262146, -0.05643974244595, 0.80343985557556, 0.36098700761795, -0.05096450448036, 0.78943538665771, 0.33150765299797, 0.76153546571732, 0.89886438846588, 0.35584145784378, 0.81536495685577, 0.94200885295868, 0.44763773679733, 0.8171067237854, 0.96367448568344, 0.46732503175735, 0.79922121763229, 0.9915583729744, 0.46998459100723, 0.77945327758789, 1.01328659057617, 0.45474481582642
0.52124261856079, 0.34044739603996, -0.09254335612059, -0.68941277265549, 1.54562199115753, 1.16559708118439, 0.13546234369278, 0.06045472621918, 0.00111715495586, 0.49619752168655, 1.49081909656525, 0.20844674110413, -0.81630665063858, -1.28282392024994, -0.03459063917398, -0.12954169511795, 0.81966584920883, 0.19684767723083, 0.36678850650787, 1.79381799697876, 3.07564759254456, 0.76079779863358, 1.02799808979034, 0.29725921154022, 1.06101787090302, 2.71869587898254, 0.81173068284988, -0.20123741030693, 0.80852073431015, 0.31572240591049, -0.10552787780762, 0.82732504606247, 0.37631696462631, -0.07691001147032, 0.82183420658112, 0.37961745262146, -0.05643974244595, 0.80343985557556, 0.36098700761795, -0.05096450448036, 0.78943538665771, 0.33150765299797, 0.76693493127823, 0.9015257358551, 0.35524848103523, 0.82099121809006, 0.94505351781845, 0.44673001766205, 0.82274746894836, 0.96677428483963, 0.46635520458221, 0.80479508638382, 0.99461549520493, 0.46901118755341, 0.78490978479385, 1.01625001430511, 0.45379084348679
1.01943969726563, 0.29851910471916, -0.0915187522769, -2.29042673110962, 3.28931665420532, 1.76825892925262, 0.1449391245842, 0.06301432847977, 0.0014923363924, 0.49873495101929, 1.49073314666748, 0.20913755893707, -0.81687599420547, -1.2786271572113, -0.03527006134391, -0.12954169511795, 0.81966584920883, 0.19684767723083, 0.36678850650787, 1.79381799697876, 3.07564759254456, 0.76962453126907, 1.02363312244415, 0.29702377319336, 1.08062076568604, 2.70438146591187, 0.80191838741302, -0.20123741030693, 0.80852073431015, 0.31572240591049, -0.10552787780762, 0.82732504606247, 0.37631696462631, -0.07691001147032, 0.82183420658112, 0.37961745262146, -0.05643974244595, 0.80343985557556, 0.36098700761795, -0.05096450448036, 0.78943538665771, 0.33150765299797, 0.7749330997467, 0.89831042289734, 0.35753589868546, 0.82864207029343, 0.94343209266663, 0.44844794273376, 0.8303729891777, 0.96553003787994, 0.46764972805977, 0.81251603364944, 0.99348711967468, 0.46965175867081, 0.79280292987823, 1.01489233970642, 0.45389288663864
0.56105375289917, 0.17176149785519, -0.0657856464386, -1.1497095823288, 1.89478099346161, 1.06002080440521, 0.1502206325531, 0.06451779603958, 0.00147254765034, 0.50134694576263, 1.49065434932709, 0.2097784280777, -0.8172248005867, -1.27326786518097, -0.03733395785093, -0.12954169511795, 0.81966584920883, 0.19684767723083, 0.36678850650787, 1.79381799697876, 3.07564759254456, 0.77731555700302, 1.02192890644073, 0.29687786102295, 1.09424340724945, 2.69127988815308, 0.79024463891983, -0.20123741030693, 0.80852073431015, 0.31572240591049, -0.10552787780762, 0.82732504606247, 0.37631696462631, -0.07691001147032, 0.82183420658112, 0.37961745262146, -0.05643974244595, 0.80343985557556, 0.36098700761795, -0.05096450448036, 0.78943538665771, 0.33150765299797, 0.78233587741852, 0.89750021696091, 0.35923153162003, 0.83583754301071, 0.94389748573303, 0.44962224364281, 0.8375369310379, 0.96627241373062, 0.46850341558456, 0.8197016119957, 0.9942724108696, 0.47004669904709, 0.80005276203156, 1.01546311378479, 0.45392176508904
0.97943538427353, 0.02808093838394, -0.07558106631041, -2.46693968772888, 3.26610970497131, 1.52618539333344, 0.15924763679504, 0.06483793258667, 0.00205679237843, 0.50409382581711, 1.49058377742767, 0.21045482158661, -0.81668651103973, -1.26745331287384, -0.04003912210464, -0.12954169511795, 0.81966584920883, 0.19684767723083, 0.36678850650787, 1.79381799697876, 3.07564759254456, 0.78530669212341, 1.01476216316223, 0.29736351966858, 1.11281633377075, 2.68636965751648, 0.78048974275589, -0.20123741030693, 0.80852073431015, 0.31572240591049, -0.10552787780762, 0.82732504606247, 0.37631696462631, -0.07691001147032, 0.82183420658112, 0.37961745262146, -0.05643974244595, 0.80343985557556, 0.36098700761795, -0.05096450448036, 0.78943538665771, 0.33150765299797, 0.79005134105682, 0.89149570465088, 0.36200520396233, 0.8440910577774, 0.93934196233749, 0.45131403207779, 0.84595543146133, 0.96205711364746, 0.4697684943676, 0.82824218273163, 0.99015581607819, 0.47085690498352, 0.80861949920654, 1.01112508773804, 0.45441401004791
0.52710056304932, 0.01695871353149, -0.04951357468963, -1.04534840583801, 1.61175358295441, 0.78410768508911, 0.16409933567047, 0.06504595279694, 0.00211924314499, 0.50688105821609, 1.49064540863037, 0.21120274066925, -0.81531947851181, -1.26285028457642, -0.04070627316833, -0.12954169511795, 0.81966584920883, 0.19684767723083, 0.36678850650787, 1.79381799697876, 3.07564759254456, 0.79245358705521, 1.0111745595932, 0.29761433601379, 1.12493777275085, 2.6792094707489, 0.76922130584717, -0.20123741030693, 0.80852073431015, 0.31572240591049, -0.10552787780762, 0.82732504606247, 0.37631696462631, -0.07691001147032, 0.82183420658112, 0.37961745262146, -0.05643974244595, 0.80343985557556, 0.36098700761795, -0.05096450448036, 0.78943538665771, 0.33150765299797, 0.79727554321289, 0.88875728845596, 0.36384451389313, 0.85162627696991, 0.93771177530289, 0.45236045122147, 0.8535670042038, 0.96066391468048, 0.47051137685776, 0.83588343858719, 0.98879164457321, 0.47128570079803, 0.81623142957687, 1.00956380367279, 0.45462891459465
0.91018432378769, -0.0440812073648, -0.01588046550751, -1.05856966972351, 1.46636521816254, 1.01372921466827, 0.17230743169785, 0.06478559970856, 0.00248286128044, 0.50957709550858, 1.49072241783142, 0.2118661403656, -0.81351941823959, -1.25972592830658, -0.03984409198165, -0.12954169511795, 0.81966584920883, 0.19684767723083, 0.36678850650787, 1.79381799697876, 3.07564759254456, 0.79674744606018, 1.00737202167511, 0.29873979091644, 1.11701035499573, 2.68019604682922, 0.7620992064476, -0.20123741030693, 0.80852073431015, 0.31572240591049, -0.10552787780762, 0.82732504606247, 0.37631696462631, -0.07691001147032, 0.82183420658112, 0.37961745262146, -0.05643974244595, 0.80343985557556, 0.36098700761795, -0.05096450448036, 0.78943538665771, 0.33150765299797, 0.80282974243164, 0.88461261987686, 0.36422884464264, 0.85752689838409, 0.93340522050858, 0.45262065529823, 0.85945791006088, 0.95626550912857, 0.47088813781738, 0.84160423278809, 0.98427593708038, 0.47195443511009, 0.82169902324677, 1.00501787662506, 0.45556271076202
0.49293276667595, -0.02319574169815, -0.01612365245819, -0.47826480865479, 0.8040783405304, 0.53399479389191, 0.17674660682678, 0.06465554237366, 0.00255006551743, 0.51225817203522, 1.4907478094101, 0.21257042884827, -0.81338083744049, -1.25579273700714, -0.04082323983312, -0.12954169511795, 0.81966584920883, 0.19684767723083, 0.36678850650787, 1.79381799697876, 3.07564759254456, 0.80174142122269, 1.00499045848846, 0.29944849014282, 1.1165828704834, 2.67698788642883, 0.75403356552124, -0.20123741030693, 0.80852073431015, 0.31572240591049, -0.10552787780762, 0.82732504606247, 0.37631696462631, -0.07691001147032, 0.82183420658112, 0.37961745262146, -0.05643974244595, 0.80343985557556, 0.36098700761795, -0.05096450448036, 0.78943538665771, 0.33150765299797, 0.80850034952164, 0.88233107328415, 0.36505854129791, 0.86338990926743, 0.93141323328018, 0.45317041873932, 0.86531788110733, 0.95430183410645, 0.47140273451805, 0.84737467765808, 0.98225349187851, 0.47250780463219, 0.8273338675499, 1.00290882587433, 0.45617198944092
0.77737563848495, -0.0055575366132, -0.01021921541542, -0.07367349416018, 0.40171012282372, 0.58422511816025, 0.18360245227814, 0.06469541788101, 0.00245177745819, 0.51495081186295, 1.4905971288681, 0.21338701248169, -0.81428760290146, -1.25090932846069, -0.04221164435148, -0.12954169511795, 0.81966584920883, 0.19684767723083, 0.36678850650787, 1.79381799697876, 3.07564759254456, 0.80380237102509, 1.00481677055359, 0.29981875419617, 1.10209703445435, 2.68790817260742, 0.77205628156662, -0.20123741030693, 0.80852073431015, 0.31572240591049, -0.10552787780762, 0.82732504606247, 0.37631696462631, -0.07691001147032, 0.82183420658112, 0.37961745262146, -0.05643974244595, 0.80343985557556, 0.36098700761795, -0.05096450448036, 0.78943538665771, 0.33150765299797, 0.81012886762619, 0.88108360767365, 0.3634250164032, 0.86459320783615, 0.92865693569183, 0.45262163877487, 0.86644268035889, 0.9512392282486, 0.47123989462852, 0.84851431846619, 0.97918343544006, 0.47271370887756, 0.82857424020767, 1.00012254714966, 0.45661762356758
0.42201516032219, -0.00430583953857, -0.01931190304458, -0.090382412076, 0.43922036886215, 0.31787157058716, 0.18731641769409, 0.06470531225204, 0.0022836625576, 0.51775503158569, 1.49055445194244, 0.2142550945282, -0.81547802686691, -1.24567043781281, -0.04388066008687, -0.12954169511795, 0.81966584920883, 0.19684767723083, 0.36678850650787, 1.79381799697876, 3.07564759254456, 0.80702209472656, 1.00434017181396, 0.30000591278076, 1.09709966182709, 2.68999004364014, 0.77553170919418, -0.20123741030693, 0.80852073431015, 0.31572240591049, -0.10552787780762, 0.82732504606247, 0.37631696462631, -0.07691001147032, 0.82183420658112, 0.37961745262146, -0.05643974244595, 0.80343985557556, 0.36098700761795, -0.05096450448036, 0.78943538665771, 0.33150765299797, 0.81337928771973, 0.8802837729454, 0.36297634243965, 0.86771667003632, 0.92743563652039, 0.45247364044189, 0.86952990293503, 0.94992256164551, 0.47121059894562, 0.85157859325409, 0.97784507274628, 0.47281104326248, 0.83163875341415, 0.99885201454163, 0.45680344104767
0.63242191076279, -0.05318641290069, -0.0032168624457, -0.34028992056847, 0.7250594496727, 0.39368733763695, 0.19282108545303, 0.0643110871315, 0.00237099826336, 0.52066314220428, 1.49034345149994, 0.21516668796539, -0.81504011154175, -1.24058961868286, -0.04536774381995, -0.12954169511795, 0.81966584920883, 0.19684767723083, 0.36678850650787, 1.79381799697876, 3.07564759254456, 0.80804485082626, 1.00346434116364, 0.30041992664337, 1.09785830974579, 2.70568537712097, 0.80310153961182, -0.20123741030693, 0.80852073431015, 0.31572240591049, -0.10552787780762, 0.82732504606247, 0.37631696462631, -0.07691001147032, 0.82183420658112, 0.37961745262146, -0.05643974244595, 0.80343985557556, 0.36098700761795, -0.05096450448036, 0.78943538665771, 0.33150765299797, 0.81239700317383, 0.87905007600784, 0.36285251379013, 0.86648410558701, 0.9251457452774, 0.45304894447327, 0.86839300394058, 0.94752234220505, 0.47190803289413, 0.85075485706329, 0.97564518451691, 0.47348305583, 0.83120399713516, 0.99695825576782, 0.45740047097206
0.35159823298454, -0.03511190414429, -0.0133019676432, -0.1677410453558, 0.53491497039795, 0.14892832934856, 0.19583320617676, 0.06403648853302, 0.0022881925106, 0.52353817224503, 1.49015605449677, 0.21608901023865, -0.8145917057991, -1.23541224002838, -0.04696759209037, -0.12954169511795, 0.81966584920883, 0.19684767723083, 0.36678850650787, 1.79381799697876, 3.07564759254456, 0.8099564909935, 1.0027848482132, 0.30063259601593, 1.09830033779144, 2.71183776855469, 0.8139356970787, -0.20123741030693, 0.80852073431015, 0.31572240591049, -0.10552787780762, 0.82732504606247, 0.37631696462631, -0.07691001147032, 0.82183420658112, 0.37961745262146, -0.05643974244595, 0.80343985557556, 0.36098700761795, -0.05096450448036, 0.78943538665771, 0.33150765299797, 0.81351035833359, 0.87824815511703, 0.3628713786602, 0.86749595403671, 0.92394119501114, 0.45333310961723, 0.86944311857224, 0.94627732038498, 0.47223621606827, 0.85193079710007, 0.97447949647903, 0.4737968146801, 0.83253586292267, 0.99591022729874, 0.45768186450005
0.53893804550171, -0.13370990753174, -0.05111753568053, -1.06796431541443, 1.570805311203, 0.35690051317215, 0.20051437616348, 0.06294620037079, 0.00232540071011, 0.52631288766861, 1.48996293544769, 0.21699821949005, -0.81485325098038, -1.23024749755859, -0.04834947735071, -0.12954169511795, 0.81966584920883, 0.19684767723083, 0.36678850650787, 1.79381799697876, 3.07564759254456, 0.81221491098404, 1.00121366977692, 0.3001663684845, 1.11224460601807, 2.72943925857544, 0.83435082435608, -0.20123741030693, 0.80852073431015, 0.31572240591049, -0.10552787780762, 0.82732504606247, 0.37631696462631, -0.07691001147032, 0.82183420658112, 0.37961745262146, -0.05643974244595, 0.80343985557556, 0.36098700761795, -0.05096450448036, 0.78943538665771, 0.33150765299797, 0.81398093700409, 0.87720364332199, 0.36352306604385, 0.86855149269104, 0.92294418811798, 0.45360898971558, 0.8708016872406, 0.94541972875595, 0.47231221199036, 0.85368680953979, 0.9738781452179, 0.47360724210739, 0.83460450172424, 0.9954337477684, 0.45728689432144
0.30063626170158, -0.08467196673155, -0.04101633653045, -0.47691878676414, 0.93799430131912, 0.07127981632948, 0.20304131507874, 0.0622386932373, 0.00215329229832, 0.52898228168488, 1.48966836929321, 0.2180187702179, -0.81604343652725, -1.22446370124817, -0.04979706183076, -0.12954169511795, 0.81966584920883, 0.19684767723083, 0.36678850650787, 1.79381799697876, 3.07564759254456, 0.81515729427338, 0.99996250867844, 0.29989778995514, 1.12019646167755, 2.74011135101318, 0.84681785106659, -0.20123741030693, 0.80852073431015, 0.31572240591049, -0.10552787780762, 0.82732504606247, 0.37631696462631, -0.07691001147032, 0.82183420658112, 0.37961745262146, -0.05643974244595, 0.80343985557556, 0.36098700761795, -0.05096450448036, 0.78943538665771, 0.33150765299797, 0.81587731838226, 0.87626940011978, 0.36389130353928, 0.87077414989471, 0.92202478647232, 0.45377123355865, 0.87319850921631, 0.94457697868347, 0.47236001491547, 0.85631620883942, 0.97318065166473, 0.47349950671196, 0.83741903305054, 0.99480730295181, 0.45705819129944
0.4761743247509, -0.24519680440426, -0.04955827817321, -1.60186529159546, 2.17747092247009, 0.32940128445625, 0.20717656612396, 0.06020951271057, 0.00245916843414, 0.53169685602188, 1.48943090438843, 0.21908020973206, -0.81832635402679, -1.21878790855408, -0.05211893841624, -0.12954169511795, 0.81966584920883, 0.19684767723083, 0.36678850650787, 1.79381799697876, 3.07564759254456, 0.81826174259186, 0.99703288078308, 0.2998948097229, 1.1383228302002, 2.76008677482605, 0.86278820037842, -0.20123741030693, 0.80852073431015, 0.31572240591049, -0.10552787780762, 0.82732504606247, 0.37631696462631, -0.07691001147032, 0.82183420658112, 0.37961745262146, -0.05643974244595, 0.80343985557556, 0.36098700761795, -0.05096450448036, 0.78943538665771, 0.33150765299797, 0.81771105527878, 0.87425655126572, 0.36563175916672, 0.87371146678925, 0.92054373025894, 0.45455345511436, 0.87653756141663, 0.94332188367844, 0.47280699014664, 0.86004054546356, 0.97216016054153, 0.47363245487213, 0.84133791923523, 0.99380135536194, 0.45698907971382
0.26904344558716, -0.15348671376705, -0.03833770379424, -0.68950432538986, 1.19151103496552, 0.00424572918564, 0.20939761400223, 0.05891746282578, 0.00240683555603, 0.5343810915947, 1.48907279968262, 0.22022783756256, -0.81984227895737, -1.21379351615906, -0.05356951802969, -0.12954169511795, 0.81966584920883, 0.19684767723083, 0.36678850650787, 1.79381799697876, 3.07564759254456, 0.82180052995682, 0.99468338489532, 0.30009615421295, 1.14924681186676, 2.77353692054749, 0.8746657371521, -0.20123741030693, 0.80852073431015, 0.31572240591049, -0.10552787780762, 0.82732504606247, 0.37631696462631, -0.07691001147032, 0.82183420658112, 0.37961745262146, -0.05643974244595, 0.80343985557556, 0.36098700761795, -0.05096450448036, 0.78943538665771, 0.33150765299797, 0.82037407159805, 0.87246972322464, 0.36686038970947, 0.87700653076172, 0.9190154671669, 0.45524519681931, 0.88007646799088, 0.9419202208519, 0.47329986095428, 0.86382931470871, 0.97090494632721, 0.47392669320107, 0.84526824951172, 0.9925662279129, 0.45715138316154
0, 0, 0, 0.04152409732342, -0.07169876247644, -0.00015172082931, 0.21263653039932, 0.05649453401566, 0.00260330736637, 0.53575086593628, 1.48894369602203, 0.22083902359009, -0.82082104682922, -1.21115779876709, -0.05426359176636, -0.12954169511795, 0.81966584920883, 0.19684767723083, 0.36678850650787, 1.79381799697876, 3.07564759254456, 0.82245457172394, 0.9932137131691, 0.30040001869202, 1.14981985092163, 2.79156184196472, 0.89983946084976, -0.20123741030693, 0.80852073431015, 0.31572240591049, -0.10552787780762, 0.82732504606247, 0.37631696462631, -0.07691001147032, 0.82183420658112, 0.37961745262146, -0.05643974244595, 0.80343985557556, 0.36098700761795, -0.05096450448036, 0.78943538665771, 0.33150765299797, 0.81949543952942, 0.87081652879715, 0.36677661538124, 0.87614333629608, 0.91653209924698, 0.45558378100395, 0.87934863567352, 0.93935018777847, 0.47372442483902, 0.86338430643082, 0.96849143505096, 0.47436106204987, 0.84512060880661, 0.9903855919838, 0.45756176114082
0.3889202773571, -0.2893280684948, -0.03038406185806, -1.10434985160828, 1.68843472003937, 0.03791704773903, 0.21263653039932, 0.05649453401566, 0.00260330736637, 0.53709304332733, 1.48878145217896, 0.2214674949646, -0.82136005163193, -1.20896863937378, -0.05426272749901, -0.12954169511795, 0.81966584920883, 0.19684767723083, 0.36678850650787, 1.79381799697876, 3.07564759254456, 0.82315236330032, 0.9919690489769, 0.30059576034546, 1.15120899677277, 2.80412650108337, 0.91671109199524, -0.20123741030693, 0.80852073431015, 0.31572240591049, -0.10552787780762, 0.82732504606247, 0.37631696462631, -0.07691001147032, 0.82183420658112, 0.37961745262146, -0.05643974244595, 0.80343985557556, 0.36098700761795, -0.05096450448036, 0.78943538665771, 0.33150765299797, 0.81915426254272, 0.86952888965607, 0.36683857440948, 0.87586581707001, 0.91476058959961, 0.45585268735886, 0.87917792797089, 0.9375376701355, 0.47402566671371, 0.8634147644043, 0.96678858995438, 0.47464683651924, 0.84535139799118, 0.98882591724396, 0.45781818032265
0.21949051320553, -0.18413542211056, -0.02764999680221, -0.44072258472443, 0.92982339859009, -0.18153278529644, 0.21433103084564, 0.05492472648621, 0.00251823663712, 0.53965705633163, 1.48852574825287, 0.22274732589722, -0.82263678312302, -1.20413911342621, -0.05445895344019, -0.12954169511795, 0.81966584920883, 0.19684767723083, 0.36678850650787, 1.79381799697876, 3.07564759254456, 0.82491827011108, 0.98982685804367, 0.30080604553223, 1.1552027463913, 2.8217134475708, 0.93890088796616, -0.20123741030693, 0.80852073431015, 0.31572240591049, -0.10552787780762, 0.82732504606247, 0.37631696462631, -0.07691001147032, 0.82183420658112, 0.37961745262146, -0.05643974244595, 0.80343985557556, 0.36098700761795, -0.05096450448036, 0.78943538665771, 0.33150765299797, 0.81954121589661, 0.86749070882797, 0.3671433031559, 0.87645381689072, 0.91224324703217, 0.45627123117447, 0.87994027137756, 0.93500286340714, 0.47443342208862, 0.86446309089661, 0.96440744400024, 0.47498679161072, 0.84666210412979, 0.98660588264465, 0.45809045433998
0.31110760569572, -0.25703430175781, -0.01194119360298, -0.39596489071846, 0.91301196813583, -0.18090052902699, 0.21679019927979, 0.05274868011475, 0.00253863632679, 0.54198241233826, 1.48825061321259, 0.22400522232056, -0.82384300231934, -1.19885087013245, -0.05524780601263, -0.12954169511795, 0.81966584920883, 0.19684767723083, 0.36678850650787, 1.79381799697876, 3.07564759254456, 0.82573270797729, 0.98864263296127, 0.30128717422485, 1.1467512845993, 2.84367370605469, 0.95686119794846, -0.20123741030693, 0.80852073431015, 0.31572240591049, -0.10552787780762, 0.82732504606247, 0.37631696462631, -0.07691001147032, 0.82183420658112, 0.37961745262146, -0.05643974244595, 0.80343985557556, 0.36098700761795, -0.05096450448036, 0.78943538665771, 0.33150765299797, 0.8201807141304, 0.86565512418747, 0.36639425158501, 0.87778377532959, 0.90923881530762, 0.45565775036812, 0.88147157430649, 0.93179488182068, 0.47403284907341, 0.86612820625305, 0.96125966310501, 0.47497442364693, 0.84833252429962, 0.98370850086212, 0.45840641856194
0.17758367955685, -0.16568897664547, -0.01905619911849, -0.16682454943657, 0.65011823177338, -0.2539866566658, 0.21809089183807, 0.05132555961609, 0.00238814949989, 0.54430842399597, 1.48803377151489, 0.22528731822968, -0.82518756389618, -1.19313704967499, -0.05746690556407, -0.12954169511795, 0.81966584920883, 0.19684767723083, 0.36678850650787, 1.79381799697876, 3.07564759254456, 0.82711589336395, 0.98720759153366, 0.30183458328247, 1.14650428295136, 2.85785365104675, 0.97080725431442, -0.20123741030693, 0.80852073431015, 0.31572240591049, -0.10552787780762, 0.82732504606247, 0.37631696462631, -0.07691001147032, 0.82183420658112, 0.37961745262146, -0.05643974244595, 0.80343985557556, 0.36098700761795, -0.05096450448036, 0.78943538665771, 0.33150765299797, 0.82099163532257, 0.86412942409515, 0.36671862006187, 0.87896114587784, 0.90723139047623, 0.4559788107872, 0.8827982544899, 0.92973244190216, 0.47439080476761, 0.86761647462845, 0.9592781662941, 0.47541037201881, 0.84991866350174, 0.98185443878174, 0.45891082286835
0.21828173100948, -0.2075028270483, -0.03625452145934, 0.02164687588811, 0.55788451433182, -0.31669217348099, 0.21968948841095, 0.04954707622528, 0.00198270380497, 0.54679578542709, 1.48789703845978, 0.22668302059174, -0.82635575532913, -1.18659651279449, -0.06034012138844, -0.12954169511795, 0.81966584920883, 0.19684767723083, 0.36678850650787, 1.79381799697876, 3.07564759254456, 0.82771569490433, 0.98662173748016, 0.30200028419495, 1.13791990280151, 2.88463163375854, 0.99354147911072, -0.20123741030693, 0.80852073431015, 0.31572240591049, -0.10552787780762, 0.82732504606247, 0.37631696462631, -0.07691001147032, 0.82183420658112, 0.37961745262146, -0.05643974244595, 0.80343985557556, 0.36098700761795, -0.05096450448036, 0.78943538665771, 0.33150765299797, 0.82114261388779, 0.8628933429718, 0.3655908703804, 0.87994581460953, 0.9046334028244, 0.45495289564133, 0.88404846191406, 0.92690747976303, 0.47358232736588, 0.86907571554184, 0.95654273033142, 0.47501328587532, 0.85143321752548, 0.97941559553146, 0.45886686444283
0.12174367159605, -0.13895988464355, -0.0379764996469, 0.02877158485353, 0.55911910533905, -0.34518727660179, 0.2204709649086, 0.04833769798279, 0.00156359374523, 0.54923325777054, 1.48763573169708, 0.22812438011169, -0.82527089118958, -1.17943811416626, -0.06343098729849, -0.12954169511795, 0.81966584920883, 0.19684767723083, 0.36678850650787, 1.79381799697876, 3.07564759254456, 0.82873433828354, 0.98579567670822, 0.30228734016418, 1.13551020622253, 2.90237355232239, 1.01015245914459, -0.20123741030693, 0.80852073431015, 0.31572240591049, -0.10552787780762, 0.82732504606247, 0.37631696462631, -0.07691001147032, 0.82183420658112, 0.37961745262146, -0.05643974244595, 0.80343985557556, 0.36098700761795, -0.05096450448036, 0.78943538665771, 0.33150765299797, 0.82156509160995, 0.86185312271118, 0.36539456248283, 0.88086277246475, 0.90286612510681, 0.45476645231247, 0.88515263795853, 0.92503863573074, 0.47347471117973, 0.87036740779877, 0.95475971698761, 0.47506564855576, 0.85282379388809, 0.97780644893646, 0.45905923843384
0.15909431874752, -0.20581482350826, -0.0222265701741, 0.28949403762817, 0.30289030075073, -0.43400132656097, 0.22150498628616, 0.04656195640564, 0.00114166736603, 0.55160760879517, 1.48745334148407, 0.2297101020813, -0.82449120283127, -1.17279744148254, -0.06600393354893, -0.12954169511795, 0.81966584920883, 0.19684767723083, 0.36678850650787, 1.79381799697876, 3.07564759254456, 0.82935005426407, 0.98467963933945, 0.30299544334412, 1.12809145450592, 2.91564583778381, 1.02369499206543, -0.20123741030693, 0.80852073431015, 0.31572240591049, -0.10552787780762, 0.82732504606247, 0.37631696462631, -0.07691001147032, 0.82183420658112, 0.37961745262146, -0.05643974244595, 0.80343985557556, 0.36098700761795, -0.05096450448036, 0.78943538665771, 0.33150765299797, 0.82176101207733, 0.86023098230362, 0.36504882574081, 0.88130712509155, 0.90024787187576, 0.45470669865608, 0.88570195436478, 0.92224276065826, 0.47359928488731, 0.87103414535522, 0.9520063996315, 0.4754593372345, 0.85356456041336, 0.97525715827942, 0.45966848731041
0.08730410784483, -0.14049053192139, -0.02990841679275, 0.16381484270096, 0.41175863146782, -0.39219373464584, 0.22195798158646, 0.04533451795578, 0.00071768462658, 0.5538986325264, 1.48739838600159, 0.23148536682129, -0.82456398010254, -1.16664910316467, -0.06915690004826, -0.12954169511795, 0.81966584920883, 0.19684767723083, 0.36678850650787, 1.79381799697876, 3.07564759254456, 0.83030521869659, 0.98334544897079, 0.30364775657654, 1.12468767166138, 2.92908525466919, 1.03733551502228, -0.20123741030693, 0.80852073431015, 0.31572240591049, -0.10552787780762, 0.82732504606247, 0.37631696462631, -0.07691001147032, 0.82183420658112, 0.37961745262146, -0.05643974244595, 0.80343985557556, 0.36098700761795, -0.05096450448036, 0.78943538665771, 0.33150765299797, 0.82216477394104, 0.85865199565887, 0.36513724923134, 0.88200932741165, 0.89795887470245, 0.45491036772728, 0.88653481006622, 0.91984450817108, 0.47389882802963, 0.87201768159866, 0.94967198371887, 0.4759122133255, 0.85464668273926, 0.9730818271637, 0.46024823188782
0.11112212389708, -0.1561546176672, -0.0325083732605, 0.20859198272228, 0.42779296636581, -0.40605753660202, 0.22260826826096, 0.04397839307785, 0.0002471357584, 0.55610746145248, 1.48729717731476, 0.23333215713501, -0.82457822561264, -1.16088485717773, -0.07218854874372, -0.12954169511795, 0.81966584920883, 0.19684767723083, 0.36678850650787, 1.79381799697876, 3.07564759254456, 0.83030742406845, 0.98333328962326, 0.30372941493988, 1.12398564815521, 2.92206835746765, 1.02647256851196, -0.20123741030693, 0.80852073431015, 0.31572240591049, -0.10552787780762, 0.82732504606247, 0.37631696462631, -0.07691001147032, 0.82183420658112, 0.37961745262146, -0.05643974244595, 0.80343985557556, 0.36098700761795, -0.05096450448036, 0.78943538665771, 0.33150765299797, 0.82292813062668, 0.85862278938293, 0.36528035998344, 0.88283538818359, 0.89824169874191, 0.45487433671951, 0.88731002807617, 0.92015469074249, 0.4738432765007, 0.87265759706497, 0.94991374015808, 0.4758877158165, 0.85513252019882, 0.97323602437973, 0.46026480197906
0.05826472863555, -0.10931967943907, -0.03875791653991, 0.13081246614456, 0.5101221203804, -0.36696204543114, 0.22283399105072, 0.04301631450653, -0.00023964047432, 0.55824571847916, 1.48721826076508, 0.23523366451263, -0.82506960630417, -1.15531742572784, -0.07583813369274, -0.12954169511795, 0.81966584920883, 0.19684767723083, 0.36678850650787, 1.79381799697876, 3.07564759254456, 0.83056974411011, 0.98295366764069, 0.30389475822449, 1.12316036224365, 2.92462778091431, 1.02712094783783, -0.20123741030693, 0.80852073431015, 0.31572240591049, -0.10552787780762, 0.82732504606247, 0.37631696462631, -0.07691001147032, 0.82183420658112, 0.37961745262146, -0.05643974244595, 0.80343985557556, 0.36098700761795, -0.05096450448036, 0.78943538665771, 0.33150765299797, 0.82330006361008, 0.85819059610367, 0.36535209417343, 0.88338798284531, 0.89772617816925, 0.45486187934875, 0.88790214061737, 0.91962230205536, 0.47384089231491, 0.87325662374496, 0.94938099384308, 0.47594007849693, 0.85570293664932, 0.9727184176445, 0.46037197113037
0.1152276918292, -0.16946552693844, -0.0198787432164, 0.16328623890877, 0.51744025945663, -0.3808256983757, 0.2235312461853, 0.0415540933609, -0.00058610737324, 0.56031775474548, 1.48714697360992, 0.23720932006836, -0.82518899440765, -1.15034437179565, -0.07880567759275, -0.12954169511795, 0.81966584920883, 0.19684767723083, 0.36678850650787, 1.79381799697876, 3.07564759254456, 0.83137613534927, 0.98209166526794, 0.30439293384552, 1.12304747104645, 2.9287326335907, 1.03217542171478, -0.20123741030693, 0.80852073431015, 0.31572240591049, -0.10552787780762, 0.82732504606247, 0.37631696462631, -0.07691001147032, 0.82183420658112, 0.37961745262146, -0.05643974244595, 0.80343985557556, 0.36098700761795, -0.05096450448036, 0.78943538665771, 0.33150765299797, 0.82381498813629, 0.85730880498886, 0.36577492952347, 0.88394582271576, 0.89666569232941, 0.45533460378647, 0.88849771022797, 0.91854131221771, 0.47432833909988, 0.87391412258148, 0.94832962751389, 0.47643807530403, 0.85641688108444, 0.97171312570572, 0.46087557077408
0.06412267684937, -0.12059926241636, -0.03037869744003, 0.102389767766, 0.57465076446533, -0.34544622898102, 0.22381734848022, 0.04050242900848, -0.00099059939384, 0.56219100952148, 1.4870297908783, 0.23934781551361, -0.82490503787994, -1.14623737335205, -0.08153155446053, -0.12954169511795, 0.81966584920883, 0.19684767723083, 0.36678850650787, 1.79381799697876, 3.07564759254456, 0.83233273029327, 0.98107522726059, 0.30492115020752, 1.12260913848877, 2.93492364883423, 1.03875362873077, -0.20123741030693, 0.80852073431015, 0.31572240591049, -0.10552787780762, 0.82732504606247, 0.37631696462631, -0.07691001147032, 0.82183420658112, 0.37961745262146, -0.05643974244595, 0.80343985557556, 0.36098700761795, -0.05096450448036, 0.78943538665771, 0.33150765299797, 0.82445126771927, 0.85625052452087, 0.36617761850357, 0.88471126556396, 0.89535355567932, 0.45576167106628, 0.88932704925537, 0.91719740629196, 0.47477653622627, 0.87482440471649, 0.94702279567719, 0.47692054510117, 0.85738617181778, 0.9704692363739, 0.46138650178909
0.14002561569214, -0.12218713015318, 0.0062477583997, 0.49192145466805, 0.09264619648457, -0.41852888464928, 0.22469842433929, 0.03943848609924, -0.00128616392612, 0.56389200687408, 1.48690104484558, 0.24162817001343, -0.8252392411232, -1.14336001873016, -0.08407071232796, -0.12954169511795, 0.81966584920883, 0.19684767723083, 0.36678850650787, 1.79381799697876, 3.07564759254456, 0.83416944742203, 0.9805434346199, 0.30614280700684, 1.11587691307068, 2.93082308769226, 1.03873491287231, -0.20123741030693, 0.80852073431015, 0.31572240591049, -0.10552787780762, 0.82732504606247, 0.37631696462631, -0.07691001147032, 0.82183420658112, 0.37961745262146, -0.05643974244595, 0.80343985557556, 0.36098700761795, -0.05096450448036, 0.78943538665771, 0.33150765299797, 0.82621496915817, 0.85530710220337, 0.36654365062714, 0.88605362176895, 0.89390289783478, 0.45662873983383, 0.89056086540222, 0.91562736034393, 0.47580567002296, 0.8760073184967, 0.94541776180267, 0.47808662056923, 0.85859942436218, 0.96894180774689, 0.46263611316681
0.08647441118956, -0.08799075335264, -0.01219689752907, 0.29007968306541, 0.34184446930885, -0.32861146330833, 0.22519087791443, 0.0386688709259, -0.00162613391876, 0.56520164012909, 1.48697376251221, 0.24404764175415, -0.82722848653793, -1.1428998708725, -0.08716036379337, -0.12954169511795, 0.81966584920883, 0.19684767723083, 0.36678850650787, 1.79381799697876, 3.07564759254456, 0.83604067564011, 0.97978073358536, 0.30724358558655, 1.110844373703, 2.93138790130615, 1.04206550121307, -0.20123741030693, 0.80852073431015, 0.31572240591049, -0.10552787780762, 0.82732504606247, 0.37631696462631, -0.07691001147032, 0.82183420658112, 0.37961745262146, -0.05643974244595, 0.80343985557556, 0.36098700761795, -0.05096450448036, 0.78943538665771, 0.33150765299797, 0.82789212465286, 0.85423344373703, 0.36696928739548, 0.88752692937851, 0.89233422279358, 0.45739960670471, 0.89199590682983, 0.91395634412766, 0.47670075297356, 0.87744826078415, 0.94374018907547, 0.47910219430923, 0.86008679866791, 0.96735149621964, 0.46373274922371
0.1623916476965, -0.09589432924986, 0.02538800053298, 0.75852388143539, -0.21490593254566, -0.43439611792564, 0.22626328468323, 0.03783547878265, -0.00189039111137, 0.56616795063019, 1.48721027374268, 0.24670124053955, -0.82956802845001, -1.14364445209503, -0.08993571996689, -0.12954169511795, 0.81966584920883, 0.19684767723083, 0.36678850650787, 1.79381799697876, 3.07564759254456, 0.83781832456589, 0.97914892435074, 0.3084397315979, 1.09991717338562, 2.93475675582886, 1.05066847801209, -0.20123741030693, 0.80852073431015, 0.31572240591049, -0.10552787780762, 0.82732504606247, 0.37631696462631, -0.07691001147032, 0.82183420658112, 0.37961745262146, -0.05643974244595, 0.80343985557556, 0.36098700761795, -0.05096450448036, 0.78943538665771, 0.33150765299797, 0.82922422885895, 0.85293662548065, 0.36668294668198, 0.88852381706238, 0.88990426063538, 0.45780140161514, 0.89294141530991, 0.91129636764526, 0.47736883163452, 0.87842792272568, 0.94107300043106, 0.48004966974258, 0.861168384552, 0.96488600969315, 0.46487790346146
0.10533570498228, -0.06763458251953, 0.00238001323305, 0.42499202489853, 0.1498893648386, -0.28004744648933, 0.22694772481918, 0.03724932670593, -0.00217607617378, 0.56691664457321, 1.48763406276703, 0.24951660633087, -0.83098036050797, -1.14676785469055, -0.09045947343111, -0.12954169511795, 0.81966584920883, 0.19684767723083, 0.36678850650787, 1.79381799697876, 3.07564759254456, 0.83947294950485, 0.97839796543121, 0.3094527721405, 1.09215450286865, 2.93947505950928, 1.05893909931183, -0.20123741030693, 0.80852073431015, 0.31572240591049, -0.10552787780762, 0.82732504606247, 0.37631696462631, -0.07691001147032, 0.82183420658112, 0.37961745262146, -0.05643974244595, 0.80343985557556, 0.36098700761795, -0.05096450448036, 0.78943538665771, 0.33150765299797, 0.83045786619186, 0.85172146558762, 0.36661460995674, 0.88959413766861, 0.88779878616333, 0.45819485187531, 0.89400523900986, 0.90901696681976, 0.47795224189758, 0.87954765558243, 0.9388011097908, 0.48084411025047, 0.86237871646881, 0.96277701854706, 0.46582692861557
0.15969513356686, -0.09644507616758, 0.06544232368469, 0.79886150360107, -0.31694069504738, -0.4011065363884, 0.22802120447159, 0.03642326593399, -0.00212556123734, 0.56748938560486, 1.48814368247986, 0.25247061252594, -0.82966244220734, -1.15237438678741, -0.08882407099009, -0.12954169511795, 0.81966584920883, 0.19684767723083, 0.36678850650787, 1.79381799697876, 3.07564759254456, 0.84110373258591, 0.97719478607178, 0.31157970428467, 1.08375990390778, 2.95216965675354, 1.08125936985016, -0.20123741030693, 0.80852073431015, 0.31572240591049, -0.10552787780762, 0.82732504606247, 0.37631696462631, -0.07691001147032, 0.82183420658112, 0.37961745262146, -0.05643974244595, 0.80343985557556, 0.36098700761795, -0.05096450448036, 0.78943538665771, 0.33150765299797, 0.83060610294342, 0.85002267360687, 0.36737155914307, 0.88939344882965, 0.88465422391891, 0.45973134040833, 0.89384382963181, 0.90563082695007, 0.479736328125, 0.87961965799332, 0.93550658226013, 0.48283249139786, 0.86276233196259, 0.95978099107742, 0.46794220805168
0.10531424731016, -0.06782054901123, 0.03204345703125, 0.44829496741295, 0.07139322906733, -0.24842137098312, 0.2287290096283, 0.03584444522858, -0.00216892361641, 0.5677627325058, 1.4886349439621, 0.25556170940399, -0.8258883357048, -1.15833413600922, -0.08642546087503, -0.12954169511795, 0.81966584920883, 0.19684767723083, 0.36678850650787, 1.79381799697876, 3.07564759254456, 0.84263414144516, 0.976109623909, 0.31330847740173, 1.07731652259827, 2.96142721176147, 1.09652090072632, -0.20123741030693, 0.80852073431015, 0.31572240591049, -0.10552787780762, 0.82732504606247, 0.37631696462631, -0.07691001147032, 0.82183420658112, 0.37961745262146, -0.05643974244595, 0.80343985557556, 0.36098700761795, -0.05096450448036, 0.78943538665771, 0.33150765299797, 0.83115524053574, 0.84857898950577, 0.36807936429977, 0.88975352048874, 0.88215655088425, 0.46094703674316, 0.89424222707748, 0.90295308828354, 0.48113065958023, 0.88018047809601, 0.93288767337799, 0.48439624905586, 0.86352890729904, 0.95737409591675, 0.46962210536003
0.10026454180479, -0.24353025853634, 0.10130345076323, -0.56240546703339, 1.19992160797119, 0.04127934575081, 0.22954314947128, 0.03379726409912, -0.00109925866127, 0.56764757633209, 1.48926568031311, 0.25871896743774, -0.82117635011673, -1.16421258449554, -0.08427327126265, -0.12954169511795, 0.81966584920883, 0.19684767723083, 0.36678850650787, 1.79381799697876, 3.07564759254456, 0.84292817115784, 0.97254967689514, 0.31473183631897, 1.10161507129669, 3.00628304481506, 1.15205490589142, -0.20123741030693, 0.80852073431015, 0.31572240591049, -0.10552787780762, 0.82732504606247, 0.37631696462631, -0.07691001147032, 0.82183420658112, 0.37961745262146, -0.05643974244595, 0.80343985557556, 0.36098700761795, -0.05096450448036, 0.78943538665771, 0.33150765299797, 0.82750141620636, 0.84652936458588, 0.37197330594063, 0.88667690753937, 0.880235850811, 0.46442741155624, 0.8916894197464, 0.90129232406616, 0.48421424627304, 0.87849581241608, 0.93168354034424, 0.4868184030056, 0.86262786388397, 0.9563444852829, 0.47148281335831
0.03652667999268, -0.06302404403687, 0.02463126182556, -0.02292603068054, 0.25455623865128, -0.04201911762357, 0.23000633716583, 0.03232276439667, -0.00045982003212, 0.56709140539169, 1.49000990390778, 0.26193451881409, -0.81656891107559, -1.1687126159668, -0.08425717055798, -0.12954169511795, 0.81966584920883, 0.19684767723083, 0.36678850650787, 1.79381799697876, 3.07564759254456, 0.84328472614288, 0.97012573480606, 0.31600534915924, 1.11253643035889, 3.03633952140808, 1.18930745124817, -0.20123741030693, 0.80852073431015, 0.31572240591049, -0.10552787780762, 0.82732504606247, 0.37631696462631, -0.07691001147032, 0.82183420658112, 0.37961745262146, -0.05643974244595, 0.80343985557556, 0.36098700761795, -0.05096450448036, 0.78943538665771, 0.33150765299797, 0.82542699575424, 0.84491336345673, 0.37430319190025, 0.88490051031113, 0.87837767601013, 0.46665388345718, 0.89022535085678, 0.89951610565186, 0.48627108335495, 0.87756854295731, 0.93015968799591, 0.48856323957443, 0.86219257116318, 0.95496273040771, 0.4729580283165
0.03649624064565, -0.14463819563389, 0.02461073547602, -0.02290692552924, 0.25434410572052, -0.04198409989476, 0.23027241230011, 0.03111124038696, -0.00027148425579, 0.56659734249115, 1.49048757553101, 0.26359105110168, -0.81475204229355, -1.17077851295471, -0.08518192917109, -0.12954169511795, 0.81966584920883, 0.19684767723083, 0.36678850650787, 1.79381799697876, 3.07564759254456, 0.84207236766815, 0.96956759691238, 0.3172150850296, 1.11312353610992, 3.05945897102356, 1.20785212516785, -0.20123741030693, 0.80852073431015, 0.31572240591049, -0.10552787780762, 0.82732504606247, 0.37631696462631, -0.07691001147032, 0.82183420658112, 0.37961745262146, -0.05643974244595, 0.80343985557556, 0.36098700761795, -0.05096450448036, 0.78943538665771, 0.33150765299797, 0.82356458902359, 0.84449398517609, 0.37560799717903, 0.88390874862671, 0.87744915485382, 0.46757626533508, 0.88953423500061, 0.8985390663147, 0.4871618449688, 0.8771448135376, 0.92928510904312, 0.48954078555107, 0.8618723154068, 0.95421689748764, 0.4740394949913
0.03646582737565, -0.22618433833122, 0.02459022589028, -0.02288783714175, 0.2541321516037, -0.04194911196828, 0.23053812980652, 0.02922016382217, -0.00008322298527, 0.56599485874176, 1.49106097221375, 0.26531839370728, -0.81322991847992, -1.17287981510162, -0.08652555197477, -0.12954169511795, 0.81966584920883, 0.19684767723083, 0.36678850650787, 1.79381799697876, 3.07564759254456, 0.84098601341248, 0.9690033197403, 0.31853079795837, 1.11341619491577, 3.07933282852173, 1.22479462623596, -0.20123741030693, 0.80852073431015, 0.31572240591049, -0.10552787780762, 0.82732504606247, 0.37631696462631, -0.07691001147032, 0.82183420658112, 0.37961745262146, -0.05643974244595, 0.80343985557556, 0.36098700761795, -0.05096450448036, 0.78943538665771, 0.33150765299797, 0.82181549072266, 0.84405624866486, 0.37698078155518, 0.88283377885818, 0.8765344619751, 0.46867352724075, 0.88870841264725, 0.89757639169693, 0.48823744058609, 0.87656074762344, 0.92841368913651, 0.49068135023117, 0.86140310764313, 0.9534632563591, 0.47525736689568
0.03643544018269, -0.30766251683235, 0.02456973493099, -0.02286876365542, 0.25392037630081, -0.04191415384412, 0.23080366849899, 0.02665019035339, 0.00010496377945, 0.56530606746674, 1.49164342880249, 0.2671365737915, -0.81137406826019, -1.17553389072418, -0.08759845048189, -0.12954169511795, 0.81966584920883, 0.19684767723083, 0.36678850650787, 1.79381799697876, 3.07564759254456, 0.8400564789772, 0.96841710805893, 0.31987619400024, 1.11349666118622, 3.0971953868866, 1.24089908599854, -0.20123741030693, 0.80852073431015, 0.31572240591049, -0.10552787780762, 0.82732504606247, 0.37631696462631, -0.07691001147032, 0.82183420658112, 0.37961745262146, -0.05643974244595, 0.80343985557556, 0.36098700761795, -0.05096450448036, 0.78943538665771, 0.33150765299797, 0.82019817829132, 0.84359121322632, 0.37835544347763, 0.88175815343857, 0.87560653686523, 0.4698486328125, 0.88784891366959, 0.8966001868248, 0.48939841985703, 0.87592911720276, 0.92752224206924, 0.4918926358223, 0.86089724302292, 0.95268362760544, 0.47652769088745
0.03640507906675, -0.38907280564308, 0.02454926073551, -0.0228497069329, 0.25370877981186, -0.04187922552228, 0.23106896877289, 0.02340179681778, 0.00029309093952, 0.5646316409111, 1.49228012561798, 0.26896333694458, -0.80939942598343, -1.17855882644653, -0.08897536247969, -0.12954169511795, 0.81966584920883, 0.19684767723083, 0.36678850650787, 1.79381799697876, 3.07564759254456, 0.8392847776413, 0.96781325340271, 0.32119584083557, 1.11340928077698, 3.11351752281189, 1.25635492801666, -0.20123741030693, 0.80852073431015, 0.31572240591049, -0.10552787780762, 0.82732504606247, 0.37631696462631, -0.07691001147032, 0.82183420658112, 0.37961745262146, -0.05643974244595, 0.80343985557556, 0.36098700761795, -0.05096450448036, 0.78943538665771, 0.33150765299797, 0.81871944665909, 0.84310555458069, 0.37968295812607, 0.88072061538696, 0.8746691942215, 0.4710351228714, 0.8870022892952, 0.89561408758163, 0.49057674407959, 0.87529969215393, 0.92661583423615, 0.49311029911041, 0.86040210723877, 0.95188438892365, 0.47779053449631
0.03637474030256, -0.47041526436806, 0.02452880330384, -0.02283066511154, 0.25349736213684, -0.04184432700276, 0.23133397102356, 0.01947551965714, 0.00048112869263, 0.56381756067276, 1.49293768405914, 0.27096199989319, -0.80725425481796, -1.18242216110229, -0.08890521526337, -0.12954169511795, 0.81966584920883, 0.19684767723083, 0.36678850650787, 1.79381799697876, 3.07564759254456, 0.83664256334305, 0.96695321798325, 0.32264018058777, 1.10702800750732, 3.129478931427, 1.2625378370285, -0.20123741030693, 0.80852073431015, 0.31572240591049, -0.10552787780762, 0.82732504606247, 0.37631696462631, -0.07691001147032, 0.82183420658112, 0.37961745262146, -0.05643974244595, 0.80343985557556, 0.36098700761795, -0.05096450448036, 0.78943538665771, 0.33150765299797, 0.81635665893555, 0.84192454814911, 0.38053664565086, 0.87938928604126, 0.87273800373077, 0.47143787145615, 0.88592964410782, 0.89354014396667, 0.49104696512222, 0.87433642148972, 0.92455506324768, 0.49390149116516, 0.85934716463089, 0.94996029138565, 0.47890049219131
0.05797384679317, -0.3235656619072, -0.01703629083931, -0.19280099868774, 0.0516279861331, -0.6952298283577, 0.23134744167328, 0.01668608188629, 0.00046250224113, 0.56288051605225, 1.49353849887848, 0.2730233669281, -0.80484157800674, -1.1863853931427, -0.08817824721336, -0.12954169511795, 0.81966584920883, 0.19684767723083, 0.36678850650787, 1.79381799697876, 3.07564759254456, 0.83436018228531, 0.96604186296463, 0.32416200637817, 1.10245823860168, -3.13948965072632, 1.27028894424438, -0.20123741030693, 0.80852073431015, 0.31572240591049, -0.10552787780762, 0.82732504606247, 0.37631696462631, -0.07691001147032, 0.82183420658112, 0.37961745262146, -0.05643974244595, 0.80343985557556, 0.36098700761795, -0.05096450448036, 0.78943538665771, 0.33150765299797, 0.81406199932098, 0.84081882238388, 0.38163247704506, 0.87786185741425, 0.87099659442902, 0.47221118211746, 0.88461720943451, 0.89168566465378, 0.4918669462204, 0.8731529712677, 0.92272686958313, 0.49494791030884, 0.85814321041107, 0.94825226068497, 0.48017311096191
0.1052267998457, -0.0396343767643, -0.07576483488083, -0.889728307724, 0.12108896672726, -1.28930139541626, 0.23135125637054, 0.01617240905762, 0.0004163980484, 0.5618457198143, 1.49424719810486, 0.27505135536194, -0.80267870426178, -1.19120979309082, -0.08774293959141, -0.12954169511795, 0.81966584920883, 0.19684767723083, 0.36678850650787, 1.79381799697876, 3.07564759254456, 0.83247065544128, 0.96513557434082, 0.32561850547791, 1.09899342060089, -3.12618231773376, 1.27923107147217, -0.20123741030693, 0.80852073431015, 0.31572240591049, -0.10552787780762, 0.82732504606247, 0.37631696462631, -0.07691001147032, 0.82183420658112, 0.37961745262146, -0.05643974244595, 0.80343985557556, 0.36098700761795, -0.05096450448036, 0.78943538665771, 0.33150765299797, 0.81196701526642, 0.839799284935, 0.38276821374893, 0.87637150287628, 0.8694052696228, 0.47310745716095, 0.88331598043442, 0.88999891281128, 0.49279746413231, 0.87199532985687, 0.92107576131821, 0.49604567885399, 0.85701167583466, 0.94671273231506, 0.48143857717514
0.1161322593689, -0.04110969603062, -0.08905706554651, -1.04942655563354, 0.13563144207001, -1.42965841293335, 0.23134934902191, 0.01564073562622, 0.00036808848381, 0.56069827079773, 1.49500072002411, 0.27715218067169, -0.80054235458374, -1.19569420814514, -0.08751608431339, -0.12954169511795, 0.81966584920883, 0.19684767723083, 0.36678850650787, 1.79381799697876, 3.07564759254456, 0.8309206366539, 0.96425992250443, 0.32696843147278, 1.09625256061554, -3.11354780197144, 1.28890895843506, -0.20123741030693, 0.80852073431015, 0.31572240591049, -0.10552787780762, 0.82732504606247, 0.37631696462631, -0.07691001147032, 0.82183420658112, 0.37961745262146, -0.05643974244595, 0.80343985557556, 0.36098700761795, -0.05096450448036, 0.78943538665771, 0.33150765299797, 0.8100860118866, 0.83886516094208, 0.38386970758438, 0.87498438358307, 0.86794358491898, 0.47402662038803, 0.88209992647171, 0.88845372200012, 0.4937427341938, 0.87093156576157, 0.91957205533981, 0.49711838364601, 0.85600423812866, 0.94531434774399, 0.48263937234879
0.12686817348003, -0.04853520542383, -0.1018678098917, -1.2047997713089, 0.14876389503479, -1.56978332996368, 0.23134028911591, 0.01504790782928, 0.00031967461109, 0.55934828519821, 1.49577128887177, 0.27941584587097, -0.79793506860733, -1.1995564699173, -0.08800110965967, -0.12954169511795, 0.81966584920883, 0.19684767723083, 0.36678850650787, 1.79381799697876, 3.07564759254456, 0.82307916879654, 0.96584743261337, 0.32905912399292, 1.08228540420532, -3.11755394935608, 1.26545119285584, -0.20123741030693, 0.80852073431015, 0.31572240591049, -0.10552787780762, 0.82732504606247, 0.37631696462631, -0.07691001147032, 0.82183420658112, 0.37961745262146, -0.05643974244595, 0.80343985557556, 0.36098700761795, -0.05096450448036, 0.78943538665771, 0.33150765299797, 0.8045089840889, 0.83944571018219, 0.38449764251709, 0.87061274051666, 0.86793231964111, 0.47396510839462, 0.87784641981125, 0.88823568820953, 0.49385148286819, 0.86641430854797, 0.91918277740479, 0.4978589117527, 0.85097867250443, 0.94496756792068, 0.48400175571442
0.13812546432018, -0.05715229362249, -0.11504527926445, -1.36656999588013, 0.16145031154156, -1.71905720233917, 0.23132222890854, 0.01438993215561, 0.00027327239513, 0.55788463354111, 1.49650287628174, 0.28164625167847, -0.79517644643784, -1.20420897006989, -0.08778531104326, -0.12954169511795, 0.81966584920883, 0.19684767723083, 0.36678850650787, 1.79381799697876, 3.07564759254456, 0.81663131713867, 0.96673798561096, 0.33119416236877, 1.07328021526337, -3.11602020263672, 1.25485050678253, -0.20123741030693, 0.80852073431015, 0.31572240591049, -0.10552787780762, 0.82732504606247, 0.37631696462631, -0.07691001147032, 0.82183420658112, 0.37961745262146, -0.05643974244595, 0.80343985557556, 0.36098700761795, -0.05096450448036, 0.78943538665771, 0.33150765299797, 0.79926580190659, 0.83974856138229, 0.38567170500755, 0.86620438098907, 0.86773949861526, 0.47467365860939, 0.8735579252243, 0.88789588212967, 0.4946653842926, 0.86202347278595, 0.91874951124191, 0.49907967448235, 0.84631568193436, 0.94458425045013, 0.48562735319138
0.14991965889931, -0.06708278506994, -0.12862028181553, -1.535728931427, 0.17370137572289, -1.87841761112213, 0.23129278421402, 0.01366317272186, 0.00023141503334, 0.55626344680786, 1.49740719795227, 0.28411793708801, -0.79278254508972, -1.20906901359558, -0.0879048705101, -0.12954169511795, 0.81966584920883, 0.19684767723083, 0.36678850650787, 1.79381799697876, 3.07564759254456, 0.81162315607071, 0.96720099449158, 0.33306801319122, 1.0666595697403, -3.11161732673645, 1.25066781044006, -0.20123741030693, 0.80852073431015, 0.31572240591049, -0.10552787780762, 0.82732504606247, 0.37631696462631, -0.07691001147032, 0.82183420658112, 0.37961745262146, -0.05643974244595, 0.80343985557556, 0.36098700761795, -0.05096450448036, 0.78943538665771, 0.33150765299797, 0.79492646455765, 0.83981931209564, 0.38683420419693, 0.86253142356873, 0.86734008789063, 0.47547841072083, 0.87000995874405, 0.88737630844116, 0.49554440379143, 0.85845613479614, 0.91817849874496, 0.50025761127472, 0.84259384870529, 0.94407325983047, 0.48710530996323
